id	category	type	work_name	unit
645	ГИДРОИЗОЛЯЦИОННЫЕ РАБОТЫ	Гидроизоляция	Восстановление водоупорных свойств железобетона безнапорным инъектированием (стен, потолков, приямков)	м. пог.
646	ГИДРОИЗОЛЯЦИОННЫЕ РАБОТЫ	Гидроизоляция	Инъектирование деформационных швов методом наклейки гидроизоляционной ленты	м. пог.
647	ГИДРОИЗОЛЯЦИОННЫЕ РАБОТЫ	Гидроизоляция	Инъектирование карт мембранной гидроизоляции площадью от 100м2 ремонтной смесью (1 комплект 41,5кг) через инъекционную трубку	шт
648	ГИДРОИЗОЛЯЦИОННЫЕ РАБОТЫ	Гидроизоляция	Инъектирование применение коэфициентов: 1,1- вредность, 1,1- стеснонность, 1,1 - высота ( Прописывать в заголовках смет )	
649	ГИДРОИЗОЛЯЦИОННЫЕ РАБОТЫ	Гидроизоляция	Инъектирование трещин ж/б конструкций по предустановленным пакерам	м. пог.
650	ГИДРОИЗОЛЯЦИОННЫЕ РАБОТЫ	Гидроизоляция	Установка пакеров для инъектирования трещин ж/б конструкций	м. пог.
651	ГИДРОИЗОЛЯЦИОННЫЕ РАБОТЫ	Гидроизоляция	Устройство гидроизоляции / пароизоляции вертикальной из пленки ПВХ	м2
652	ГИДРОИЗОЛЯЦИОННЫЕ РАБОТЫ	Гидроизоляция	Устройство гидроизоляции вертикальной: из ПВХ мембран (типа Logicroof)со сваркой стыков и испытанием	м2
653	ГИДРОИЗОЛЯЦИОННЫЕ РАБОТЫ	Гидроизоляция	Устройство гидроизоляции вертикальной: из профилированной мембраны (геомембрана)	м2
654	ГИДРОИЗОЛЯЦИОННЫЕ РАБОТЫ	Гидроизоляция	Устройство гидроизоляции вертикальной: обмазочной битумной с устройством лесов и подмостей	м2
655	ГИДРОИЗОЛЯЦИОННЫЕ РАБОТЫ	Гидроизоляция	Устройство гидроизоляции вертикальной: оклеечной с устройством лесов и подмостей	м2
656	ГИДРОИЗОЛЯЦИОННЫЕ РАБОТЫ	Гидроизоляция	Устройство гидрошпонки ПВХ для разбивки вертикальных гидроизоляционных карт из ПВХ мембран (типа Logicroof) на секции	м.п.
657	ГИДРОИЗОЛЯЦИОННЫЕ РАБОТЫ	Гидроизоляция	Устройство изоляции вертикальной: геотекстиль	м2
658	ГИДРОИЗОЛЯЦИОННЫЕ РАБОТЫ	Гидроизоляция	Устройство не армированных вертикальных стен приямков фундамента из цементно-песчанной смеси (в т.ч. монтаж опалубки, заливка, шлифовка)	м3
659	ГИДРОИЗОЛЯЦИОННЫЕ РАБОТЫ	Гидроизоляция	Армирование стяжек арматурой	м2
660	ГИДРОИЗОЛЯЦИОННЫЕ РАБОТЫ	Гидроизоляция	Армирование стяжки сеткой дорожной	м2
661	ГИДРОИЗОЛЯЦИОННЫЕ РАБОТЫ	Гидроизоляция	Устройство вертикального усиливающего слоя на углах (по ТК технониколь) из ПВХ мембран (типа Logicroof) со сваркой стыков и испытанием	м2
662	ГИДРОИЗОЛЯЦИОННЫЕ РАБОТЫ	Гидроизоляция	Устройство гидроизоляции / пароизоляции горизонтальной из пленки ПВХ	м2
663	ГИДРОИЗОЛЯЦИОННЫЕ РАБОТЫ	Гидроизоляция	Устройство гидроизоляции горизонтальной: из ПВХ мембран (типа Logicroof) со сваркой стыков и испытанием	м2
664	ГИДРОИЗОЛЯЦИОННЫЕ РАБОТЫ	Гидроизоляция	Устройство гидроизоляции горизонтальной: из профилированной мембраны	м2
665	ГИДРОИЗОЛЯЦИОННЫЕ РАБОТЫ	Гидроизоляция	Устройство гидроизоляции горизонтальной: обмазочной битумной	м2
666	ГИДРОИЗОЛЯЦИОННЫЕ РАБОТЫ	Гидроизоляция	Устройство гидроизоляции горизонтальной: оклеечной	м2
667	ГИДРОИЗОЛЯЦИОННЫЕ РАБОТЫ	Гидроизоляция	Устройство гидрошпонки ПВХ для разбивки горизонтальных гидроизоляционных карт из ПВХ мембран (типа Logicroof) на секции	м.п.
668	ГИДРОИЗОЛЯЦИОННЫЕ РАБОТЫ	Гидроизоляция	Устройство горизонтального усиливающего слоя (по ТК технониколь) из ПВХ мембран (типа Logicroof) со сваркой стыков и испытанием	м2
669	ГИДРОИЗОЛЯЦИОННЫЕ РАБОТЫ	Гидроизоляция	Устройство изоляции горизонтальной: геотекстиль	м2
670	ГИДРОИЗОЛЯЦИОННЫЕ РАБОТЫ	Гидроизоляция	Устройство контрольно-измерительных штуцеров	шт
671	ГИДРОИЗОЛЯЦИОННЫЕ РАБОТЫ	Гидроизоляция	Устройство примыканий: галтель из пенополистирола	м. пог.
672	ГИДРОИЗОЛЯЦИОННЫЕ РАБОТЫ	Гидроизоляция	Устройство примыканий: цементных (галтель)	м. пог.
673	ГИДРОИЗОЛЯЦИОННЫЕ РАБОТЫ	Гидроизоляция	Устройство стяжек: бетонных защитных (в т. ч. приямки и перепады)	м2
674	ГИДРОИЗОЛЯЦИОННЫЕ РАБОТЫ	Гидроизоляция	Устройство стяжек: цементно-песчанных защитных (в т. ч. приямки и перепады)	м2
675	ГИДРОИЗОЛЯЦИОННЫЕ РАБОТЫ	Гидроизоляция	Устройство гидроизоляции обмазочной битумной горизонтальной внутри помещений	м2
676	ГИДРОИЗОЛЯЦИОННЫЕ РАБОТЫ	Гидроизоляция	Устройство гидроизоляции оклеечной из наплавляемых материалов горизонтальной внутри помещений	м2
677	ГИДРОИЗОЛЯЦИОННЫЕ РАБОТЫ	Гидроизоляция	Устройство проникающей (жидкой) гидроизоляции полов в два слоя типа ПЕНЕТРОН при толщине покрытия до 2мм с пригот.смеси, ненесение шпателем ( 06.20г )	м2
678	ГИДРОИЗОЛЯЦИОННЫЕ РАБОТЫ	Гидроизоляция	Устройство штукатурной изоляции сухими смесями при толщине покрытия более 2мм с приготов. раствора и нанесением шпателем 2 слоя в сан.узлах.( 06.20г )	м2
710	ЗЕМЛЯНЫЕ РАБОТЫ	Обратная засыпка (местный грунт, песок)	Засыпка до проектной отметки песком или песко-грунтом с послойным уплотнением (с использованием механизмов: погрузчик, виброкаток)	м3
711	ЗЕМЛЯНЫЕ РАБОТЫ	Обратная засыпка (местный грунт, песок)	Засыпка до проектной отметки щебнем с послойным уплотнением (с использованием механизмов: погрузчик, виброкаток)	м3
712	ЗЕМЛЯНЫЕ РАБОТЫ	Обратная засыпка (местный грунт, песок)	Засыпка вручную полости шпунтовой сваи песком или песко-грунтом	м3
713	ЗЕМЛЯНЫЕ РАБОТЫ	Обратная засыпка (местный грунт, песок)	Засыпка песка вручную с послойной трамбовкой в лифтовые шахты под устройство железобетнной плиты ( 10.23г )	м3
714	ЗЕМЛЯНЫЕ РАБОТЫ	Обратная засыпка (местный грунт, песок)	Засыпка щебня вручную с послойной трамбовкой в лифтовые шахты под устройство железобетнной плиты ( 10.23г )	м3
715	ЗЕМЛЯНЫЕ РАБОТЫ	Обратная засыпка (местный грунт, песок)	Устройство подстилающих слоев песчанных, уплотняемых трамбовками (вручную) внутри помещений ( 10.23г )	м3
716	ЗЕМЛЯНЫЕ РАБОТЫ	Разработка грунта (делить на классы)	Копание ям, траншей, приямков вручную, группа грунтов 1-2	м3
717	ЗЕМЛЯНЫЕ РАБОТЫ	Разработка грунта (делить на классы)	Разработка водонасыщенного грунта вручную	м3
718	ЗЕМЛЯНЫЕ РАБОТЫ	Разработка грунта (делить на классы)	Разработка мерзлого грунта вручную с применением ручных электроотбойников	м3
719	ЗЕМЛЯНЫЕ РАБОТЫ	Разработка грунта (делить на классы)	Разработка щебня вручную	м3
720	ЗЕМЛЯНЫЕ РАБОТЫ	Разработка грунта (делить на классы)	Планировка площадей ручным способом, группа грунтов 1-3	м2
721	КЛАДОЧНЫЕ РАБОТЫ	Каменная кладка	Кладка наружных стен толщиной 120 мм из кирпича облицовочного на гибких связях с расшивкой швов (с разгрузкой, подачей, пригот. раствора) ( 01.20г )	м2
722	КЛАДОЧНЫЕ РАБОТЫ	Каменная кладка	Кладка СТЕН: толщиной 150мм из газосиликатных блоков (ГСБ) (с устройством примыканий и усилений)	м3
723	КЛАДОЧНЫЕ РАБОТЫ	Каменная кладка	Кладка СТЕН: толщиной 190 мм : из легкобетонных блоков ( СКЦ ) полнотелых (с устройством примыканий и усилений)	м3
724	КЛАДОЧНЫЕ РАБОТЫ	Каменная кладка	Кладка СТЕН: толщиной 200мм из газосиликатных блоков (ГСБ) (с устройством примыканий и усилений)	м3
725	КЛАДОЧНЫЕ РАБОТЫ	Каменная кладка	Кладка СТЕН: толщиной 250 мм из кирпича одинарного рядового (с устройством примыканий и усилений)	м3
726	КЛАДОЧНЫЕ РАБОТЫ	Каменная кладка	Кладка СТЕН: толщиной 250мм из газосиликатных блоков (ГСБ) (с устройством примыканий и усилений)	м3
727	КЛАДОЧНЫЕ РАБОТЫ	Каменная кладка	Кладка СТЕН: толщиной 300мм из газосиликатных блоков (ГСБ) (с устройством примыканий и усилений)	м3
728	КЛАДОЧНЫЕ РАБОТЫ	Каменная кладка	Кладка ПЕРЕГОРОДОК: толщиной 75 мм из Газосиликатных блоков	м2
729	КЛАДОЧНЫЕ РАБОТЫ	Каменная кладка	Кладка ПЕРЕГОРОДОК: толщиной 100 мм из Газосиликатных блоков	м2
730	КЛАДОЧНЫЕ РАБОТЫ	Каменная кладка	Кладка ПЕРЕГОРОДОК: толщиной 80 мм из Пазогребниевых блоков	м2
731	КЛАДОЧНЫЕ РАБОТЫ	Каменная кладка	Кладка ПЕРЕГОРОДОК: толщиной 100 мм из Пазогребниевых блоков	м2
732	КЛАДОЧНЫЕ РАБОТЫ	Каменная кладка	Кладка ПЕРЕГОРОДОК: толщиной 90 мм из Легкобетонных блоков	м2
733	КЛАДОЧНЫЕ РАБОТЫ	Каменная кладка	Кладка ПЕРЕГОРОДОК: толщиной 120 мм из Кирпича	м2
734	КЛАДОЧНЫЕ РАБОТЫ	Каменная кладка	Трассировка перегорордок в квартирах из ГСБ h=0,25м)  (с	м
735	КЛАДОЧНЫЕ РАБОТЫ	Каменная кладка	Трассировка перегорордок в квартирах из гипсовых пазогребневых плит ПГП	м
736	КЛАДОЧНЫЕ РАБОТЫ	Закладные детали кладки	Изготовление металлоконструкций кладки: фахверковые колонны (	т
737	КЛАДОЧНЫЕ РАБОТЫ	Закладные детали кладки	Монтаж металлоконструкций кладки: фахверковые колонны	т
738	КЛАДОЧНЫЕ РАБОТЫ	Каменная кладка	Разборка стен: кирпичных	м3
739	КЛАДОЧНЫЕ РАБОТЫ	Каменная кладка	Разборка стен: мелкоблочных	м3
740	КЛАДОЧНЫЕ РАБОТЫ	Каменная кладка	Расширение проемов в конструкциях кирпичных стен и СКЦ толщиной до 300мм (с уборкой мусора)	м
741	КЛАДОЧНЫЕ РАБОТЫ	Каменная кладка	Расширение проемов в конструкциях стен из газоблока толщиной до 300мм (с уборкой мусора)	м
742	КРОВЛЯ	Кровельные работы	Изоляция ГОРИЗОНТАЛЬНЫХ поверхностей на пену уклонообразующим слоем из XPS типа "Технониколь CARBON PROF SLOPE" толщ. до 150мм.	м2
743	КРОВЛЯ	Кровельные работы	Устройство кровельного аэратора ( вентиляции подкровельного пространства )	шт
744	КРОВЛЯ	Кровельные работы	Герметизация выходов труб на кровле резиновыми колпаками	шт
745	КРОВЛЯ	Кровельные работы	Армирование стяжки арматурой (с вязанием вручную) на кровле	м2
746	КРОВЛЯ	Кровельные работы	Армирование стяжки арматурой (с вязанием вручную) на кровле автостоянки	м2
747	КРОВЛЯ	Кровельные работы	Армирование стяжки сеткой дорожной 1-й слой на кровле	м2
748	КРОВЛЯ	Кровельные работы	Армирование стяжки сеткой дорожной на кровле автостоянки	м2
749	КРОВЛЯ	Кровельные работы	Испытание (пролив) кровли	м2
750	КРОВЛЯ	Кровельные работы	Крепление вертикальной изоляции из профилированной мембраны (геомембрана) стальной полосой на кровле (крепление на дюбель-гвоздь)	м. пог.
751	КРОВЛЯ	Кровельные работы	Устройство гидроизоляции / пароизоляции горизонтальной из пленки ПВХ на кровле	м2
752	КРОВЛЯ	Кровельные работы	Устройство гидроизоляции горизонтальной: из ПВХ мембран (типа Logicroof) на кровле со сваркой стыков и испытанием	м2
753	КРОВЛЯ	Кровельные работы	Устройство гидроизоляции горизонтальной: из профилированной мембраны (геомембрана) на кровле	м2
754	КРОВЛЯ	Кровельные работы	Устройство гидроизоляции горизонтальной: обмазочной битумной на кровле	м2
755	КРОВЛЯ	Кровельные работы	Устройство гидроизоляции горизонтальной: обмазочной битумной на кровле (жилой дом, пристройки) 1-й слой	м2
756	КРОВЛЯ	Кровельные работы	Устройство гидроизоляции горизонтальной: оклеечной (усиливающего слоя по деформационным швам) на кровле	м2
757	КРОВЛЯ	Кровельные работы	Устройство гидроизоляции горизонтальной: оклеечной на кровле	м2
758	КРОВЛЯ	Кровельные работы	Устройство гидрошпонки ПВХ на кровле для разбивки горизонтальных гидроизоляционных карт из ПВХ мембран (типа Logicroof) на секции	м.п.
759	КРОВЛЯ	Кровельные работы	Устройство изоляции горизонтальной: из геотекстиля на кровле	м2
760	КРОВЛЯ	Кровельные работы	Устройство контрольно-измерительных штуцеров на кровле	шт
761	КРОВЛЯ	Кровельные работы	Устройство пароизоляции горизонтальной: оклеечной на кровле	м2
762	КРОВЛЯ	Кровельные работы	Устройство примыканий цементных: плинтус (галтель) на кровле	м. пог.
763	КРОВЛЯ	Кровельные работы	Устройство стяжек: бетонных с разуклонкой на кровле с нарезкой и заполнением усадочных швов	м2
764	КРОВЛЯ	Кровельные работы	Устройство стяжек: цементно-песчанных выравнивающих (подготовительных) на кровле с нарезкой и заполнением усадочных швов	м2
765	КРОВЛЯ	Кровельные работы	Устройство стяжек: цементно-песчанных выравнивающих с разуклонкой толщиной до 60 мм на кровле стилобата с нарезкой и заполнением усадочных швов	м2
766	КРОВЛЯ	Кровельные работы	Устройство стяжек: цементно-песчанных защитных с разуклонкой на кровле с нарезкой и заполнением усадочных швов	м2
767	КРОВЛЯ	Кровельные работы	Утепление кровли автостоянки КЕРАМЗИТОБЕТОНОМ с разуклонкой с примененем направляющих (профильные трубы, арматура)	м3
768	КРОВЛЯ	Кровельные работы	Утепление кровли автостоянки КЕРАМЗИТОМ с разуклонкой с примененем направляющих (профильные трубы, арматура)	м3
769	МЕТАЛЛИЧЕСКИЕ КОНСТРУКЦИИ	Металлоконструкции	Изготовление временных металлоконструкций для объекта строительства.(лестницы, беседки, емкости, футляры, стенды и т.д.)	т
770	МЕТАЛЛИЧЕСКИЕ КОНСТРУКЦИИ	Металлоконструкции	Монтаж металлических конструкций бытового городка (стойки, площадки, лестницы, ограждения бытовок, беседки и т.д.)	т
771	МЕТАЛЛИЧЕСКИЕ КОНСТРУКЦИИ	Металлоконструкции	Монтаж металлических конструкций для обслуж. стр.площадки (лестниц в котлован, инф.стендов, МОКАП, галерей, зумпфов, емкостей, эстакад	т
772	МЕТАЛЛИЧЕСКИЕ КОНСТРУКЦИИ	Металлоконструкции	Монтаж металлических конструкций складов участков и подрядчиков (решетка из арм-ры) (V по площади вертикального заполнения проемов)	м2
773	МЕТАЛЛИЧЕСКИЕ КОНСТРУКЦИИ	Металлоконструкции	Монтаж металлоконструкций навесов (ангаров, подъемников, хранилищ сыпучих и др. материалов)	т
774	МЕТАЛЛИЧЕСКИЕ КОНСТРУКЦИИ	Металлоконструкции	Установка металлических решеток	шт
775	МЕТАЛЛИЧЕСКИЕ КОНСТРУКЦИИ	Металлоконструкции	Изготовление и монтаж металлоконструкций выносных консольных балок для лесов	т
776	МЕТАЛЛИЧЕСКИЕ КОНСТРУКЦИИ	Металлоконструкции	Установка опоры под устройство подвески электрического кабеля	шт
777	МЕТАЛЛИЧЕСКИЕ КОНСТРУКЦИИ	Металлоконструкции	Огнезащита металлоконструкций минераловатными матами предел огнестойкости EL 120 - 180 (от 120 до 180 минут) ( 07.20г.)	м2
778	МЕТАЛЛИЧЕСКИЕ КОНСТРУКЦИИ	Металлоконструкции	Огнезащита металлоконструкций минераловатными матами предел огнестойкости EL 45 - 90 (от 45 до 90 минут)	м2
779	МЕТАЛЛИЧЕСКИЕ КОНСТРУКЦИИ	Металлоконструкции	Покрытие металлоконструкций огнезащитным составом "ОГРАС-В-СК-1" (за 2 раза кистью)	м2
780	МЕТАЛЛИЧЕСКИЕ КОНСТРУКЦИИ	Металлоконструкции	Изготовление и монтаж металлоконструкций кладки: перемычек	т
781	МЕТАЛЛИЧЕСКИЕ КОНСТРУКЦИИ	Металлоконструкции	Изготовление металлоконструкций кладки: фахверковые колонны	т
782	МЕТАЛЛИЧЕСКИЕ КОНСТРУКЦИИ	Металлоконструкции	Монтаж металлоконструкций кладки: фахверковые колонны	т
783	МЕТАЛЛИЧЕСКИЕ КОНСТРУКЦИИ	Металлоконструкции	Изготовление и монтаж металлических конструкций ( 07.20г )	т
784	МЕТАЛЛИЧЕСКИЕ КОНСТРУКЦИИ	Металлоконструкции	Демонтаж металлических конструкций ( 07.20г )	т
785	МЕТАЛЛИЧЕСКИЕ КОНСТРУКЦИИ	Металлоконструкции	Изготовление и монтаж не типовых изделий из листовой оцинкованной стали (вручную)	м2
786	МЕТАЛЛИЧЕСКИЕ КОНСТРУКЦИИ	Металлоконструкции	Изготовление и монтаж желоба из листа оцинкованного для отвода воды с кровли	м.п.
787	МЕТАЛЛИЧЕСКИЕ КОНСТРУКЦИИ	Металлоконструкции	Изготовление и монтаж металлоконструкций фальшпола устанавливаемого по месту с покрытием стальным листом толщиной 5 мм ( 07.20г )	т
788	МЕТАЛЛИЧЕСКИЕ КОНСТРУКЦИИ	Металлоконструкции	Монтаж металлоконструкций: металлическая балка в лифтовой шахте (комплекс работ: монтаж 2х опор, монтаж балки)	т
789	МЕТАЛЛИЧЕСКИЕ КОНСТРУКЦИИ	Металлоконструкции	Монтаж металлоконструкций: металлическая балка в лифтовой шахте (комплекс работ: монтаж 2х опор, монтаж балки) (Применять с Инд 09-01-09-02)	шт
790	МЕТАЛЛИЧЕСКИЕ КОНСТРУКЦИИ	Металлоконструкции	Монтаж металлоконструкций: технические балконы (комплекс работ: монтаж опор, балок, настила)	м2
791	МЕТАЛЛИЧЕСКИЕ КОНСТРУКЦИИ	Металлоконструкции	Монтаж металлоконструкций: технические балконы (комплекс работ: монтаж опор, балок, настила) (применять с Инд 09-01-10-02)	т
792	МЕТАЛЛИЧЕСКИЕ КОНСТРУКЦИИ	Металлоконструкции	Изготовление и монтаж гильзы под радиостойку (радиофикация)	шт
793	МЕТАЛЛИЧЕСКИЕ КОНСТРУКЦИИ	Металлоконструкции	Изготовление и монтаж кронштейна наружнего освешения архитектурного	шт
794	МЕТАЛЛИЧЕСКИЕ КОНСТРУКЦИИ	Металлоконструкции	Изготовление и монтаж металлоконструкций радиостоек в гильзы (радиофикация)	шт
795	МЕТАЛЛИЧЕСКИЕ КОНСТРУКЦИИ	Металлоконструкции	Изготовление подставки под ВРУ	шт
796	МЕТАЛЛИЧЕСКИЕ КОНСТРУКЦИИ	Металлоконструкции	Установка защитных решеток на приямки	шт
797	МЕТАЛЛИЧЕСКИЕ КОНСТРУКЦИИ	Металлоконструкции	Устройство металлического обрамления приямков (из уголка) ( 07.20г )	т
798	МЕТАЛЛИЧЕСКИЕ КОНСТРУКЦИИ	Металлоконструкции	Устройство обрамления отверстия люка с изготовлением крышки ( 07.20г )	т
799	МЕТАЛЛИЧЕСКИЕ КОНСТРУКЦИИ	Металлоконструкции	Устройство металлоконструкций защитного экрана в лифтовой шахте	т
800	МЕТАЛЛИЧЕСКИЕ КОНСТРУКЦИИ	Металлоконструкции	Устройство зонта на кровле	шт
801	МЕТАЛЛИЧЕСКИЕ КОНСТРУКЦИИ	Металлоконструкции	Изготовление и монтаж колесоотбойников из труб	м
802	МЕТАЛЛИЧЕСКИЕ КОНСТРУКЦИИ	Металлоконструкции	Монтаж металических стремянок, лестниц прямолинейных и криволинейных на кровлях (в т.ч. разгрузка, резка, затарка, монтаж с сваркой по месту)	т
803	МЕТАЛЛИЧЕСКИЕ КОНСТРУКЦИИ	Металлоконструкции	Изготовление и монтаж обрамлений вентшахт из уголка с монтажем сетки	шт
804	МЕТАЛЛИЧЕСКИЕ КОНСТРУКЦИИ	Металлоконструкции	Изготовление и монтаж металлоконструкций ограждений кладовых; МХ МТС (каркас + защитная сетка)	м2
805	МЕТАЛЛИЧЕСКИЕ КОНСТРУКЦИИ	Металлоконструкции	Изготовление и монтаж металлоконструкций ограждений кладовых; МХ МТС (каркас + защитная сетка) (Применять с Инд 09-02-01-11-02)	т
806	МЕТАЛЛИЧЕСКИЕ КОНСТРУКЦИИ	Металлоконструкции	Изготовление и монтаж ограждений входов и пандусов	м.п.
807	МЕТАЛЛИЧЕСКИЕ КОНСТРУКЦИИ	Металлоконструкции	Изготовление и монтаж прямых ограждений лоджий и балконов	м.п.
808	МЕТАЛЛИЧЕСКИЕ КОНСТРУКЦИИ	Металлоконструкции	Изготовление и монтаж эркерных ограждений лоджий и балконов	м.п.
809	МЕТАЛЛИЧЕСКИЕ КОНСТРУКЦИИ	Металлоконструкции	Изготовление металлоконструкций ограждения на кровле (в т.ч. изготовление закладных, сборка и сварка ограждений, поручней)	м.п.
810	МЕТАЛЛИЧЕСКИЕ КОНСТРУКЦИИ	Металлоконструкции	Монтаж металлических ограждений балконов и лоджий	шт
811	МЕТАЛЛИЧЕСКИЕ КОНСТРУКЦИИ	Металлоконструкции	Монтаж металлоконструкций ограждения на кровле (в т.ч. затарка, монтаж закладных, поручней, сварочные работы, зачистка швов)	м. пог.
812	МЕТАЛЛИЧЕСКИЕ КОНСТРУКЦИИ	Металлоконструкции	Монтаж металлоконструкций: Ограждение оборудования на кровле ЖД (Навес) (в т.ч. затарка, монтаж, сварочные работы, зачистка швов)	т
813	МЕТАЛЛИЧЕСКИЕ КОНСТРУКЦИИ	Металлоконструкции	Монтаж ограждения металлического переходных балконов	м. пог.
814	МЕТАЛЛИЧЕСКИЕ КОНСТРУКЦИИ	Металлоконструкции	Монтаж ограждения шумозащитного экрана на кровле из готовых секций (в т.ч. затарка, закладные, направляющих, сварочные работы, зачистка швов)	м2
815	МЕТАЛЛИЧЕСКИЕ КОНСТРУКЦИИ	Металлоконструкции	Изготовление и монтаж металлоконструкций опорной части под вентиляторное оборудование	т
816	МЕТАЛЛИЧЕСКИЕ КОНСТРУКЦИИ	Металлоконструкции	Грунтовка металлических поверхностей за 2 раза	м2
817	МЕТАЛЛИЧЕСКИЕ КОНСТРУКЦИИ	Металлоконструкции	Грунтовка металлических поверхностей за 2 раза ОВВК	м2
818	МЕТАЛЛИЧЕСКИЕ КОНСТРУКЦИИ	Металлоконструкции	Масляная окраска металлических поверхностей: за 2 раза ОВВК	м2
819	МЕТАЛЛИЧЕСКИЕ КОНСТРУКЦИИ	Металлоконструкции	Окраска металлических поверхностей: за 2 раза	м2
820	МЕТАЛЛИЧЕСКИЕ КОНСТРУКЦИИ	Металлоконструкции	Сварка арматуры ванным способом при диаметре арматуры до 40мм	шт
821	МЕТАЛЛИЧЕСКИЕ КОНСТРУКЦИИ	Металлоконструкции	Сварка стыков арматуры с накладной арматурой d=20мм с двух сторон	шт
822	МЕТАЛЛИЧЕСКИЕ КОНСТРУКЦИИ	Металлоконструкции	Сварочные работы ( 08.20 )	ч/ч
823	МЕТАЛЛИЧЕСКИЕ КОНСТРУКЦИИ	Металлоконструкции	Погрузочно-разгрузочные работы	маш
825	МОНОЛИТНЫЕ РАБОТЫ	Балки	Устройство балок железобетонных с жесткой арматурой	м3
826	МОНОЛИТНЫЕ РАБОТЫ	Бетонная подготовка	Устройство бетонной подготовки: 100 мм армированной ( в т.ч. шлифовка(дизайн) )	м3
827	МОНОЛИТНЫЕ РАБОТЫ	Бетонная подготовка	Устройство бетонной подготовки: 100 мм без армирования ( в т.ч шлифовка(дизайн) )	м3
828	МОНОЛИТНЫЕ РАБОТЫ	Бетонная подготовка	Устройство ростверков	м3
829	МОНОЛИТНЫЕ РАБОТЫ	Бетонная подготовка	Разборка монолитных бетонных оснований (арм. сеткой дорож. или не армированных) при помощи отбойных молотков вручную с погрузкой боя бетона	м3
830	МОНОЛИТНЫЕ РАБОТЫ	Бетонная подготовка	Разборка оснований : бетонная подготовка	м3
831	МОНОЛИТНЫЕ РАБОТЫ	Виброизоляция под оборудование	Монтаж противопожарных щитов из вермикулитовых плит для защиты ниш под виброизоляторы	м2
832	МОНОЛИТНЫЕ РАБОТЫ	Лестницы	Устройство монолитной железобетонной лестницы вместе с переходной площадкой ( 05.20г )	м3
833	МОНОЛИТНЫЕ РАБОТЫ	Пилоны и колонны	Устройство железобетонных колонн, пилонов	м3
834	МОНОЛИТНЫЕ РАБОТЫ	Пилоны и колонны	Устройство железобетонных контрфорсов (в заголовке смет указывать толщину конструкции)	м3
835	МОНОЛИТНЫЕ РАБОТЫ	Пилоны и колонны	Установка химического анкера с очисткой (продувкой) отверстия и заполнением	шт
836	МОНОЛИТНЫЕ РАБОТЫ	Плиты перекрытия / покрытия / разгрузочные	Шлифовка (дизайн) чашками ГОРИЗОНТАЛЬНЫХ монолитных ж/б конструкций (доп. работы по сл. запискам с удержанием с монолитных участков)	м2
837	МОНОЛИТНЫЕ РАБОТЫ	Плиты перекрытия / покрытия / разгрузочные	Устройство железобетонных капителей	м3
838	МОНОЛИТНЫЕ РАБОТЫ	Плиты перекрытия / покрытия / разгрузочные	Устройство перекрытий безбалочных	м3
839	МОНОЛИТНЫЕ РАБОТЫ	Плиты перекрытия / покрытия / разгрузочные	Армирование усилений, стяжек и набетонок арматурой	м2
840	МОНОЛИТНЫЕ РАБОТЫ	Плиты перекрытия / покрытия / разгрузочные	Усиление железобетонных конструкций лентой из углеродного волокна	м2
841	МОНОЛИТНЫЕ РАБОТЫ	Плиты перекрытия / покрытия / разгрузочные	Устройство элементов входных групп: пандус (в т.ч. дизайн)	м3
842	МОНОЛИТНЫЕ РАБОТЫ	Плиты перекрытия / покрытия / разгрузочные	Устройство элементов входных групп: перекрытие (в т.ч. дизайн) ( 08.20г)	м3
843	МОНОЛИТНЫЕ РАБОТЫ	Плиты перекрытия / покрытия / разгрузочные	Разборка монолитных железобетонных конструкций зданий (стены, перекрытия и т.п.) при помощи отбойных молотков вручную	м3
844	МОНОЛИТНЫЕ РАБОТЫ	Плиты перекрытия / покрытия / разгрузочные	Устройство монолитной разгрузочной плиты толщиной: до 150мм (армированной 2мя сетками)	м3
845	МОНОЛИТНЫЕ РАБОТЫ	Сборные ж/б конструкции	Монтаж ЖБИ: Лестничных маршей	шт
846	МОНОЛИТНЫЕ РАБОТЫ	Сборные ж/б конструкции	Монтаж ЖБИ: Лестничных площадок	шт
847	МОНОЛИТНЫЕ РАБОТЫ	Сборные ж/б конструкции	Установка крышек колодцев	шт
848	МОНОЛИТНЫЕ РАБОТЫ	Сборные ж/б конструкции	Устройство круглых сборных железобетонных колодцев	шт
849	МОНОЛИТНЫЕ РАБОТЫ	Сборные ж/б конструкции	Устройство оснований дренажных колодцев: плита дорожная ПДП-3-1,75	шт
850	МОНОЛИТНЫЕ РАБОТЫ	Сборные ж/б конструкции	Изготовление железобетонных лотков серия 3.006.1	шт
851	МОНОЛИТНЫЕ РАБОТЫ	Сборные ж/б конструкции	Изготовление крышек железобетонных лотков серия 3.006.1	шт
852	МОНОЛИТНЫЕ РАБОТЫ	Сборные ж/б конструкции	Монтаж железобетонных лотков серия 3.006.1	шт
853	МОНОЛИТНЫЕ РАБОТЫ	Сборные ж/б конструкции	Монтаж крышек железобетонных лотков серия 3.006.1	шт
854	МОНОЛИТНЫЕ РАБОТЫ	Сборные ж/б конструкции	Установка плит перекрытия камер (лотков наружных сетей) плитами ВП-19-6	шт
855	МОНОЛИТНЫЕ РАБОТЫ	Сборные ж/б конструкции	Изготовление и монтаж железобетонных крышек вентиляционных шахт в несъемной опалубке	м3
856	МОНОЛИТНЫЕ РАБОТЫ	Стены	Бурение отверстий в бетоне (коронкой с алмазным напылением)	л
857	МОНОЛИТНЫЕ РАБОТЫ	Стены	Окладная часть оператора ДМР	руб
858	МОНОЛИТНЫЕ РАБОТЫ	Стены	Окладная часть помощника ДМР	руб
859	МОНОЛИТНЫЕ РАБОТЫ	Стены	Ручная резка бетона (диском с алмазным напылением, типа DC-D 305/22) S<=0,5м2	л
860	МОНОЛИТНЫЕ РАБОТЫ	Стены	Сдельная часть помощника ДМР	руб
861	МОНОЛИТНЫЕ РАБОТЫ	Стены	Устройство железобетонных парапетов	м3
862	МОНОЛИТНЫЕ РАБОТЫ	Стены	Устройство железобетонных стен	м3
863	МОНОЛИТНЫЕ РАБОТЫ	Стены	Бетонирование (омоноличивание) металлических обойм при усилении монолитных стен	м2
864	МОНОЛИТНЫЕ РАБОТЫ	Стены	Усиление ж/б монолитных стен железобетонными обоймами	м2
865	МОНОЛИТНЫЕ РАБОТЫ	Стены	Устройство монолитных рассечек	шт
866	МОНОЛИТНЫЕ РАБОТЫ	Стены	Расширение проемов в железобетонных конструкциях стен толщиной до 300мм (с уборкой мусора)	м
867	МОНОЛИТНЫЕ РАБОТЫ	Стены	Разборка проемов в ширину на 50 мм монолитных стен : железобетонных толщ. 200 мм	м
868	МОНОЛИТНЫЕ РАБОТЫ	Стены	Устройство ниши под щиты (с последующим демонтажом опалубки)	шт
869	МОНОЛИТНЫЕ РАБОТЫ	Стены	Шлифовка (дизайн) чашками ВЕРТИКАЛЬНЫХ монолитных ж/б конструкций (доп. работы по сл. запискам с удержанием с монолитных участков)	м2
870	МОНОЛИТНЫЕ РАБОТЫ	Стены	Устройство элементов входных групп: опорных стен (в т.ч. дизайн) ( 08.20г)	м3
871	МОНОЛИТНЫЕ РАБОТЫ	Фанера ламинированная	Погрузка опалубки за 1 машину-длинномер с очисткой, сортировкой (БЕЗ ПАКЕТИРОВАНИЯ)	маш
872	МОНОЛИТНЫЕ РАБОТЫ	Фанера ламинированная	Утепление щитов опалубки (по с/з + Акт переработки)	м2
873	МОНОЛИТНЫЕ РАБОТЫ	Фундаментная плита	Устройство железобетонной монолитной плиты приямков толщ 200 мм (в т.ч. лифтовых)	м3
874	МОНОЛИТНЫЕ РАБОТЫ	Фундаментная плита	Устройство ленточных фундаментов железобетонных	м3
875	МОНОЛИТНЫЕ РАБОТЫ	Фундаментная плита	Устройство столбчатых фундаментов железобетонных толщиной до 500 мм ( 05.20г )	м3
876	МОНОЛИТНЫЕ РАБОТЫ	Фундаментная плита	Устройство фундаментных плит железобетонных (с устройством каркасов, закладных деталей, дизайном и т.п.)	м3
877	МОНОЛИТНЫЕ РАБОТЫ	Фундаментная плита	Устройство фундаментных плит плоских железобетонных: под опоры НЭО, площадью до 3 м2	м3
878	МОНОЛИТНЫЕ РАБОТЫ	Фундаментная плита	Устройство фундаментных плит плоских железобетонных: под башенный кран (отдельностоящих и в теле ФП, в т.ч. дизайн)	м3
879	МОНОЛИТНЫЕ РАБОТЫ	Фундаментная плита	Устройство элементов входных групп: фундаментная плита	м3
880	МОНОЛИТНЫЕ РАБОТЫ	Фундаментная плита	Разборка оснований : железобетонная фундаментная плита	м3
881	МОНОЛИТНЫЕ РАБОТЫ	Фундаменты под оборудование	Устройство монолитных железобетонных: колесоотбойников ( 11.20 г.)	м3
882	МОНОЛИТНЫЕ РАБОТЫ	Фундаменты под оборудование	Устройство фундаментов под оборудование на кровле и тех.помещениях (с учетом подъема и затарки). 04.2020г.	м3
1304	УСТРОЙСТВО ВИБРОЗАЩИТЫ	Виброзащита	Оклейка вертикальной поверхности виброизоляционными матами типа "Vibrafoam" 1-й слой (с подготовкой, сушкой, устройством подмастей и т.д.)	м2
1305	УСТРОЙСТВО ВИБРОЗАЩИТЫ	Виброзащита	Оклейка вертикальной поверхности виброизоляционными матами типа "Vibrafoam" 2-й слой (с подготовкой, сушкой, устройством подмастей и т.д.)	м2
1306	УСТРОЙСТВО ВИБРОЗАЩИТЫ	Виброзащита	Устройство вертикальной виброизоляции (типа "Vibrafoam") 1 слой	м2
1307	УСТРОЙСТВО ВИБРОЗАЩИТЫ	Виброзащита	Устройство вертикальной виброизоляции (типа "Vibrafoam") 2 слой	м2
1308	УСТРОЙСТВО ВИБРОЗАЩИТЫ	Виброзащита	Устройство горизонтальной виброизоляции (типа "Vibrafoam") 1й слой	м2
1309	УСТРОЙСТВО ВИБРОЗАЩИТЫ	Виброзащита	Устройство горизонтальной виброизоляции (типа "Vibrafoam") 2й слой	м2
1310	УСТРОЙСТВО КОТЛОВАНА	Выравнивающая стенка	Устройство выравнивающего слоя по шпунтовым сваям армированного сеткой в т.ч. дизайн (в заголовке смет указывать толщину слоя)	м3
1311	УСТРОЙСТВО КОТЛОВАНА	Выравнивающая стенка	Устройство монолитных прижимных стен	м3
1312	УСТРОЙСТВО КОТЛОВАНА	Демонтаж распорной системы	Демонтаж обвязочной балки	м. пог.
1313	УСТРОЙСТВО КОТЛОВАНА	Демонтаж распорной системы	Демонтаж подкосов из труб	шт
1314	УСТРОЙСТВО КОТЛОВАНА	Демонтаж распорной системы	Демонтаж соединительных распорок из труб	шт
1315	УСТРОЙСТВО КОТЛОВАНА	Распорная система	Изготовление и монтаж кронштейнов для обвязочной балки	т
1316	УСТРОЙСТВО КОТЛОВАНА	Распорная система	Изготовление и монтаж обвязочной балки	м. пог.
1317	УСТРОЙСТВО КОТЛОВАНА	Распорная система	Очистка обвязочной балки: от бетона, срезка пластин, уголков ( Оплачивается по С/З+Фото+АКТ переработки с оприходованием металлолома )	м.п.
1318	УСТРОЙСТВО КОТЛОВАНА	Распорная система	Изготовление и монтаж опорных узлов распорной системы шпунта	т
1319	УСТРОЙСТВО КОТЛОВАНА	Распорная система	Изготовление и монтаж подкосов из труб	шт
1320	УСТРОЙСТВО КОТЛОВАНА	Распорная система	Изготовление и монтаж распорок из труб	шт
1321	УСТРОЙСТВО КОТЛОВАНА	Свайные работы (стыковка, лидерное бурение, испытание свай)	Изготовление свай шпунта из труб Д._____ мм L=______ м	шт
1322	УСТРОЙСТВО КОТЛОВАНА	Свайные работы (стыковка, лидерное бурение, испытание свай)	Выемка оголовка сваи из котлована с погрузкой в контейнер	шт
1323	УСТРОЙСТВО КОТЛОВАНА	Свайные работы (стыковка, лидерное бурение, испытание свай)	Вырубка бетона из арматурного каркаса железобетонных свай (в т.ч. раскопка, очистка от грунта, срубка бетона, порезка и отгибание арматуры)	шт
1324	УСТРОЙСТВО КОТЛОВАНА	Свайные работы (стыковка, лидерное бурение, испытание свай)	Дизайн оголовка Ж/Б свай (в т.ч. шлифовка, нанесение ремонтной смеси)	шт
1325	УСТРОЙСТВО КОТЛОВАНА	Свайные работы (стыковка, лидерное бурение, испытание свай)	Разгрузка Ж/Б свай	шт
1326	УСТРОЙСТВО КОТЛОВАНА	Свайные работы (стыковка, лидерное бурение, испытание свай)	Срезка оголовков жезобетонных свай с помощью электроинструмента (в т.ч. раскопка сваи, очистка, разметка, резка) ( 08.20г )	шт
1327	УСТРОЙСТВО КОТЛОВАНА	Свайные работы (стыковка, лидерное бурение, испытание свай)	Устройство буронабивных свай (БНС) диаметром: 350мм (С подготовкой основания, бурением лунки, опусканием готового каркаса и заливкой бетона)	м3
1328	УСТРОЙСТВО КОТЛОВАНА	Шпунтовое ограждение	Демонтаж забирки: из досок	м2
1329	УСТРОЙСТВО КОТЛОВАНА	Шпунтовое ограждение	Устройство забирки без обратной засыпки: из досок (объем по доске)	м2
1330	УСТРОЙСТВО КОТЛОВАНА	Шпунтовое ограждение	Устройство забирки с обратной засыпкой и трамбовкой: из досок (объем по доске) ( 06.20 г )	м2
1331	УСТРОЙСТВО КОТЛОВАНА	Шпунтовое ограждение	Заполнение бетоном полости шпунтовой сваи	м3
1332	УСТРОЙСТВО КОТЛОВАНА	Шпунтовое ограждение	Извлечение стальных свай шпунтового ряда из скважины ( при помощи экскаватора ): диаметр до 500 мм	шт
1333	УСТРОЙСТВО КОТЛОВАНА	Шпунтовое ограждение	Очистка шпунтовых труб от нанесенной изоляции ( полипропилен) под изготовление и забивку свай ( доп. работы: оплачивается по сл./з+фото+акт пер-ки )	м.п.
1334	УСТРОЙСТВО КОТЛОВАНА	Шпунтовое ограждение	Разгрузка труб шпунта с автотранспорта	шт
1335	УСТРОЙСТВО КОТЛОВАНА	Шпунтовое ограждение	Срезка и очистка шпунтовых труб от мусора, пластин, уголков ( доп. работы: оплачивается по сл./з+фото )	м.п.
1336	УСТРОЙСТВО КОТЛОВАНА	Шпунтовое ограждение	Срезка шпунтовых свай h=4.5 ,труба диаметр до 530 ( для организации проезда )	шт