norm_code	table_code	table_name	division	unit	norm_name
03-01-127-01	03-01-127	Тали ручные стационарные и передвижные	ПОДЪЕМНЫЕ МЕХАНИЗМЫ	10 шт	Таль ручная стационарная, грузоподъемность: 3,2 т, высота подъема 3 м
03-01-127-02	03-01-127	Тали ручные стационарные и передвижные	ПОДЪЕМНЫЕ МЕХАНИЗМЫ	10 шт	Таль ручная стационарная, грузоподъемность: 3,2 т, высота подъема 6 м
03-01-127-03	03-01-127	Тали ручные стационарные и передвижные	ПОДЪЕМНЫЕ МЕХАНИЗМЫ	10 шт	Таль ручная стационарная, грузоподъемность: 3,2 т, высота подъема 9 м
03-01-127-04	03-01-127	Тали ручные стационарные и передвижные	ПОДЪЕМНЫЕ МЕХАНИЗМЫ	10 шт	Таль ручная стационарная, грузоподъемность: 3,2 т, высота подъема 12 м
03-01-127-05	03-01-127	Тали ручные стационарные и передвижные	ПОДЪЕМНЫЕ МЕХАНИЗМЫ	10 шт	Таль ручная стационарная, грузоподъемность: 5 т, высота подъема 3 м
03-01-127-06	03-01-127	Тали ручные стационарные и передвижные	ПОДЪЕМНЫЕ МЕХАНИЗМЫ	10 шт	Таль ручная стационарная, грузоподъемность: 5 т, высота подъема 6 м
03-01-127-07	03-01-127	Тали ручные стационарные и передвижные	ПОДЪЕМНЫЕ МЕХАНИЗМЫ	10 шт	Таль ручная стационарная, грузоподъемность: 5 т, высота подъема 9 м
03-01-127-08	03-01-127	Тали ручные стационарные и передвижные	ПОДЪЕМНЫЕ МЕХАНИЗМЫ	10 шт	Таль ручная стационарная, грузоподъемность: 5 т, высота подъема 12 м
03-01-127-09	03-01-127	Тали ручные стационарные и передвижные	ПОДЪЕМНЫЕ МЕХАНИЗМЫ	10 шт	Таль ручная стационарная, грузоподъемность: 8 т, высота подъема 3 м
03-01-127-10	03-01-127	Тали ручные стационарные и передвижные	ПОДЪЕМНЫЕ МЕХАНИЗМЫ	10 шт	Таль ручная стационарная, грузоподъемность: 8 т, высота подъема 6 м
03-01-127-11	03-01-127	Тали ручные стационарные и передвижные	ПОДЪЕМНЫЕ МЕХАНИЗМЫ	10 шт	Таль ручная стационарная, грузоподъемность: 8 т, высота подъема 9 м
03-01-127-12	03-01-127	Тали ручные стационарные и передвижные	ПОДЪЕМНЫЕ МЕХАНИЗМЫ	10 шт	Таль ручная стационарная, грузоподъемность: 8 т, высота подъема 12 м
03-01-127-13	03-01-127	Тали ручные стационарные и передвижные	ПОДЪЕМНЫЕ МЕХАНИЗМЫ	10 шт	Таль ручная передвижная, грузоподъемность: 3,2 т, высота подъема 3 м
03-01-127-14	03-01-127	Тали ручные стационарные и передвижные	ПОДЪЕМНЫЕ МЕХАНИЗМЫ	10 шт	Таль ручная передвижная, грузоподъемность: 3,2 т, высота подъема 6 м
03-01-127-15	03-01-127	Тали ручные стационарные и передвижные	ПОДЪЕМНЫЕ МЕХАНИЗМЫ	10 шт	Таль ручная передвижная, грузоподъемность: 3,2 т, высота подъема 9 м
03-01-127-16	03-01-127	Тали ручные стационарные и передвижные	ПОДЪЕМНЫЕ МЕХАНИЗМЫ	10 шт	Таль ручная передвижная, грузоподъемность: 3,2 т, высота подъема 12 м
03-01-127-17	03-01-127	Тали ручные стационарные и передвижные	ПОДЪЕМНЫЕ МЕХАНИЗМЫ	10 шт	Таль ручная передвижная, грузоподъемность: 5 т, высота подъема 3 м
03-01-127-18	03-01-127	Тали ручные стационарные и передвижные	ПОДЪЕМНЫЕ МЕХАНИЗМЫ	10 шт	Таль ручная передвижная, грузоподъемность: 5 т, высота подъема 6 м
03-01-127-19	03-01-127	Тали ручные стационарные и передвижные	ПОДЪЕМНЫЕ МЕХАНИЗМЫ	10 шт	Таль ручная передвижная, грузоподъемность: 5 т, высота подъема 9 м
03-01-127-20	03-01-127	Тали ручные стационарные и передвижные	ПОДЪЕМНЫЕ МЕХАНИЗМЫ	10 шт	Таль ручная передвижная, грузоподъемность: 5 т, высота подъема 12 м
03-01-127-21	03-01-127	Тали ручные стационарные и передвижные	ПОДЪЕМНЫЕ МЕХАНИЗМЫ	10 шт	Таль ручная передвижная, грузоподъемность: 8 т, высота подъема 3 м
03-01-127-22	03-01-127	Тали ручные стационарные и передвижные	ПОДЪЕМНЫЕ МЕХАНИЗМЫ	10 шт	Таль ручная передвижная, грузоподъемность: 8 т, высота подъема 6 м
03-01-127-23	03-01-127	Тали ручные стационарные и передвижные	ПОДЪЕМНЫЕ МЕХАНИЗМЫ	10 шт	Таль ручная передвижная, грузоподъемность: 8 т, высота подъема 9 м
03-01-127-24	03-01-127	Тали ручные стационарные и передвижные	ПОДЪЕМНЫЕ МЕХАНИЗМЫ	10 шт	Таль ручная передвижная, грузоподъемность: 8 т, высота подъема 12 м
03-01-128-01	03-01-128	Тали электрические	ПОДЪЕМНЫЕ МЕХАНИЗМЫ	10 шт	Таль электрическая канатная, грузоподъемность: 0,5 т, высота подъема 6 м
03-01-128-02	03-01-128	Тали электрические	ПОДЪЕМНЫЕ МЕХАНИЗМЫ	10 шт	Таль электрическая канатная, грузоподъемность: 0,5 т, высота подъема 18 м
03-01-128-03	03-01-128	Тали электрические	ПОДЪЕМНЫЕ МЕХАНИЗМЫ	10 шт	Таль электрическая канатная, грузоподъемность: 1 т, высота подъема 6 м
03-01-128-04	03-01-128	Тали электрические	ПОДЪЕМНЫЕ МЕХАНИЗМЫ	10 шт	Таль электрическая канатная, грузоподъемность: 1 т, высота подъема 18 м
03-01-128-05	03-01-128	Тали электрические	ПОДЪЕМНЫЕ МЕХАНИЗМЫ	10 шт	Таль электрическая канатная, грузоподъемность: 1 т, высота подъема 24 м
03-01-128-06	03-01-128	Тали электрические	ПОДЪЕМНЫЕ МЕХАНИЗМЫ	10 шт	Таль электрическая канатная, грузоподъемность: 1 т, высота подъема 36 м
03-01-128-07	03-01-128	Тали электрические	ПОДЪЕМНЫЕ МЕХАНИЗМЫ	10 шт	Таль электрическая канатная, грузоподъемность: 2 т, высота подъема 6 м
03-01-128-08	03-01-128	Тали электрические	ПОДЪЕМНЫЕ МЕХАНИЗМЫ	10 шт	Таль электрическая канатная, грузоподъемность: 2 т, высота подъема 18 м
03-01-128-09	03-01-128	Тали электрические	ПОДЪЕМНЫЕ МЕХАНИЗМЫ	10 шт	Таль электрическая канатная, грузоподъемность: 2 т, высота подъема 24 м
03-01-128-10	03-01-128	Тали электрические	ПОДЪЕМНЫЕ МЕХАНИЗМЫ	10 шт	Таль электрическая канатная, грузоподъемность: 2 т, высота подъема 36 м
03-01-128-11	03-01-128	Тали электрические	ПОДЪЕМНЫЕ МЕХАНИЗМЫ	10 шт	Таль электрическая канатная, грузоподъемность: 3,2 т, высота подъема 6 м
03-01-128-12	03-01-128	Тали электрические	ПОДЪЕМНЫЕ МЕХАНИЗМЫ	10 шт	Таль электрическая канатная, грузоподъемность: 3,2 т, высота подъема 18 м
03-01-128-13	03-01-128	Тали электрические	ПОДЪЕМНЫЕ МЕХАНИЗМЫ	10 шт	Таль электрическая канатная, грузоподъемность: 3,2 т, высота подъема 24 м
03-01-128-14	03-01-128	Тали электрические	ПОДЪЕМНЫЕ МЕХАНИЗМЫ	10 шт	Таль электрическая канатная, грузоподъемность: 3,2 т, высота подъема 36 м
03-01-128-15	03-01-128	Тали электрические	ПОДЪЕМНЫЕ МЕХАНИЗМЫ	10 шт	Таль электрическая канатная, грузоподъемность: 5 т, высота подъема 6 м
03-01-128-16	03-01-128	Тали электрические	ПОДЪЕМНЫЕ МЕХАНИЗМЫ	10 шт	Таль электрическая канатная, грузоподъемность: 5 т, высота подъема 18 м
03-01-128-17	03-01-128	Тали электрические	ПОДЪЕМНЫЕ МЕХАНИЗМЫ	10 шт	Таль электрическая канатная, грузоподъемность: 5 т, высота подъема 24 м
03-01-128-18	03-01-128	Тали электрические	ПОДЪЕМНЫЕ МЕХАНИЗМЫ	10 шт	Таль электрическая канатная, грузоподъемность: 5 т, высота подъема 36 м
03-01-128-19	03-01-128	Тали электрические	ПОДЪЕМНЫЕ МЕХАНИЗМЫ	10 шт	Таль электрическая канатная, грузоподъемность: 10 т, высота подъема 18 м
03-01-128-20	03-01-128	Тали электрические	ПОДЪЕМНЫЕ МЕХАНИЗМЫ	10 шт	Таль электрическая канатная, грузоподъемность: 10 т, высота подъема 24 м
03-01-128-21	03-01-128	Тали электрические	ПОДЪЕМНЫЕ МЕХАНИЗМЫ	10 шт	Таль электрическая канатная, грузоподъемность: 10 т, высота подъема 36 м
03-02-091-01	03-02-091	Поэтажные эскалаторы	ЭСКАЛАТОРЫ	компл	Поэтажные эскалаторы: длиной до 5 м
03-02-091-02	03-02-091	Поэтажные эскалаторы	ЭСКАЛАТОРЫ	компл	Поэтажные эскалаторы: длиной свыше 5 до 10 м
03-02-091-03	03-02-091	Поэтажные эскалаторы	ЭСКАЛАТОРЫ	компл	Поэтажные эскалаторы: длиной свыше 10 до 15 м
03-05-001-01	03-05-001	Лифты пассажирские со скоростью движения кабины до 1 м/с	ПАССАЖИРСКИЕ, БОЛЬНИЧНЫЕ И ГРУЗОВЫЕ ЛИФТЫ	шт	Лифт пассажирский со скоростью движения кабины до 1 м/с: грузоподъемностью 400 кг, количество остановок 9, высота шахты 29 м
03-05-001-02	03-05-001	Лифты пассажирские со скоростью движения кабины до 1 м/с	ПАССАЖИРСКИЕ, БОЛЬНИЧНЫЕ И ГРУЗОВЫЕ ЛИФТЫ	шт	Лифт пассажирский со скоростью движения кабины до 1 м/с: грузоподъемностью 500 кг, количество остановок 12, высота шахты 38 м
03-05-001-03	03-05-001	Лифты пассажирские со скоростью движения кабины до 1 м/с	ПАССАЖИРСКИЕ, БОЛЬНИЧНЫЕ И ГРУЗОВЫЕ ЛИФТЫ	шт	Лифт пассажирский со скоростью движения кабины до 1 м/с: грузоподъемностью 1000 кг, количество остановок 12, высота шахты 44 м
03-05-001-04	03-05-001	Лифты пассажирские со скоростью движения кабины до 1 м/с	ПАССАЖИРСКИЕ, БОЛЬНИЧНЫЕ И ГРУЗОВЫЕ ЛИФТЫ	шт	За каждую остановку, более или менее указанных в характеристике лифта, добавлять или уменьшать для лифтов грузоподъемностью: до 400, 500 кг
03-05-001-05	03-05-001	Лифты пассажирские со скоростью движения кабины до 1 м/с	ПАССАЖИРСКИЕ, БОЛЬНИЧНЫЕ И ГРУЗОВЫЕ ЛИФТЫ	шт	За каждую остановку, более или менее указанных в характеристике лифта, добавлять или уменьшать для лифтов грузоподъемностью: до 1000 кг
03-05-001-06	03-05-001	Лифты пассажирские со скоростью движения кабины до 1 м/с	ПАССАЖИРСКИЕ, БОЛЬНИЧНЫЕ И ГРУЗОВЫЕ ЛИФТЫ	м	За каждый метр высоты шахты, более или менее указанных в характеристике лифта, добавлять или уменьшать для лифтов грузоподъемность: до 400, 500 кг
03-05-001-07	03-05-001	Лифты пассажирские со скоростью движения кабины до 1 м/с	ПАССАЖИРСКИЕ, БОЛЬНИЧНЫЕ И ГРУЗОВЫЕ ЛИФТЫ	м	За каждый метр высоты шахты, более или менее указанных в характеристике лифта, добавлять или уменьшать для лифтов грузоподъемность: до 1000 кг
03-05-002-01	03-05-002	Лифты пассажирские со скоростью движения кабины 1,4 м/с	ПАССАЖИРСКИЕ, БОЛЬНИЧНЫЕ И ГРУЗОВЫЕ ЛИФТЫ	шт	Лифт пассажирский со скоростью движения кабины 1,4 м/с: грузоподъемностью 500 кг на 16 остановок, высота шахты 59 м
03-05-002-02	03-05-002	Лифты пассажирские со скоростью движения кабины 1,4 м/с	ПАССАЖИРСКИЕ, БОЛЬНИЧНЫЕ И ГРУЗОВЫЕ ЛИФТЫ	шт	За каждую остановку, более или менее указанных в характеристике лифта, добавлять или уменьшать (к норме 03-05-002-01)
03-05-002-03	03-05-002	Лифты пассажирские со скоростью движения кабины 1,4 м/с	ПАССАЖИРСКИЕ, БОЛЬНИЧНЫЕ И ГРУЗОВЫЕ ЛИФТЫ	м	За каждый метр высоты шахты, более или менее указанных в характеристике лифта, добавлять или уменьшать (к норме 03-05-002-01)
03-05-003-01	03-05-003	Лифты пассажирские со скоростью движения кабины до 4 м/с	ПАССАЖИРСКИЕ, БОЛЬНИЧНЫЕ И ГРУЗОВЫЕ ЛИФТЫ	шт	Лифт пассажирский грузоподъемностью 1000 кг на 16 остановок, скорость движения кабины: 2 м/с, высота шахты 64 м
03-05-003-02	03-05-003	Лифты пассажирские со скоростью движения кабины до 4 м/с	ПАССАЖИРСКИЕ, БОЛЬНИЧНЫЕ И ГРУЗОВЫЕ ЛИФТЫ	шт	Лифт пассажирский грузоподъемностью 1000 кг на 16 остановок, скорость движения кабины: 4 м/с, высота шахты 66 м
03-05-003-03	03-05-003	Лифты пассажирские со скоростью движения кабины до 4 м/с	ПАССАЖИРСКИЕ, БОЛЬНИЧНЫЕ И ГРУЗОВЫЕ ЛИФТЫ	шт	За каждую остановку, более или менее 16 остановок, добавлять или уменьшать для лифтов со скоростью движения кабины: 2 м/с
03-05-003-04	03-05-003	Лифты пассажирские со скоростью движения кабины до 4 м/с	ПАССАЖИРСКИЕ, БОЛЬНИЧНЫЕ И ГРУЗОВЫЕ ЛИФТЫ	шт	За каждую остановку, более или менее 16 остановок, добавлять или уменьшать для лифтов со скоростью движения кабины: 4 м/с
03-05-003-05	03-05-003	Лифты пассажирские со скоростью движения кабины до 4 м/с	ПАССАЖИРСКИЕ, БОЛЬНИЧНЫЕ И ГРУЗОВЫЕ ЛИФТЫ	м	За каждый метр высоты шахты, более или менее указанных в характеристике лифта, добавлять или уменьшать (к нормам 03-05-003-01 и 03-05-003-02)
03-05-004-01	03-05-004	Лифты грузовые общего назначения со скоростью движения кабины 0,5 м/с	ПАССАЖИРСКИЕ, БОЛЬНИЧНЫЕ И ГРУЗОВЫЕ ЛИФТЫ	шт	Лифт грузовой общего назначения со скоростью движения кабины 0,5 м/с на 6 остановок, высота шахты 22,5 м, скорость движения кабины 0,5 м/с, грузоподъемность: 500 кг
03-05-004-02	03-05-004	Лифты грузовые общего назначения со скоростью движения кабины 0,5 м/с	ПАССАЖИРСКИЕ, БОЛЬНИЧНЫЕ И ГРУЗОВЫЕ ЛИФТЫ	шт	Лифт грузовой общего назначения со скоростью движения кабины 0,5 м/с на 6 остановок, высота шахты 22,5 м, скорость движения кабины 0,5 м/с, грузоподъемность: 1000 кг
03-05-004-03	03-05-004	Лифты грузовые общего назначения со скоростью движения кабины 0,5 м/с	ПАССАЖИРСКИЕ, БОЛЬНИЧНЫЕ И ГРУЗОВЫЕ ЛИФТЫ	шт	Лифт грузовой общего назначения со скоростью движения кабины 0,5 м/с на 6 остановок, высота шахты 22,5 м, скорость движения кабины 0,5 м/с, грузоподъемность: 2000 кг
03-05-004-04	03-05-004	Лифты грузовые общего назначения со скоростью движения кабины 0,5 м/с	ПАССАЖИРСКИЕ, БОЛЬНИЧНЫЕ И ГРУЗОВЫЕ ЛИФТЫ	шт	Лифт грузовой общего назначения со скоростью движения кабины 0,5 м/с на 6 остановок, высота шахты 22,5 м, скорость движения кабины 0,5 м/с, грузоподъемность: 3200 кг
03-05-004-05	03-05-004	Лифты грузовые общего назначения со скоростью движения кабины 0,5 м/с	ПАССАЖИРСКИЕ, БОЛЬНИЧНЫЕ И ГРУЗОВЫЕ ЛИФТЫ	шт	Лифт грузовой общего назначения со скоростью движения кабины 0,5 м/с на 6 остановок, высота шахты 22,5 м, скорость движения кабины 0,5 м/с, грузоподъемность: 5000 кг
03-05-004-06	03-05-004	Лифты грузовые общего назначения со скоростью движения кабины 0,5 м/с	ПАССАЖИРСКИЕ, БОЛЬНИЧНЫЕ И ГРУЗОВЫЕ ЛИФТЫ	шт	Добавлять или уменьшать на каждую остановку, более или менее 6 остановок, грузоподъемность: 500 кг
03-05-004-07	03-05-004	Лифты грузовые общего назначения со скоростью движения кабины 0,5 м/с	ПАССАЖИРСКИЕ, БОЛЬНИЧНЫЕ И ГРУЗОВЫЕ ЛИФТЫ	шт	Добавлять или уменьшать на каждую остановку, более или менее 6 остановок, грузоподъемность: 1000 кг
03-05-004-08	03-05-004	Лифты грузовые общего назначения со скоростью движения кабины 0,5 м/с	ПАССАЖИРСКИЕ, БОЛЬНИЧНЫЕ И ГРУЗОВЫЕ ЛИФТЫ	шт	Добавлять или уменьшать на каждую остановку, более или менее 6 остановок, грузоподъемность: 2000 кг
03-05-004-09	03-05-004	Лифты грузовые общего назначения со скоростью движения кабины 0,5 м/с	ПАССАЖИРСКИЕ, БОЛЬНИЧНЫЕ И ГРУЗОВЫЕ ЛИФТЫ	шт	Добавлять или уменьшать на каждую остановку, более или менее 6 остановок, грузоподъемность: 3200 кг
03-05-004-10	03-05-004	Лифты грузовые общего назначения со скоростью движения кабины 0,5 м/с	ПАССАЖИРСКИЕ, БОЛЬНИЧНЫЕ И ГРУЗОВЫЕ ЛИФТЫ	шт	Добавлять или уменьшать на каждую остановку, более или менее 6 остановок, грузоподъемность: 5000 кг
03-05-004-11	03-05-004	Лифты грузовые общего назначения со скоростью движения кабины 0,5 м/с	ПАССАЖИРСКИЕ, БОЛЬНИЧНЫЕ И ГРУЗОВЫЕ ЛИФТЫ	м	Добавлять или уменьшать за каждый 1 м высоты шахты, более или менее 22,5 м, грузоподъемность: 500, 1000 кг
03-05-004-12	03-05-004	Лифты грузовые общего назначения со скоростью движения кабины 0,5 м/с	ПАССАЖИРСКИЕ, БОЛЬНИЧНЫЕ И ГРУЗОВЫЕ ЛИФТЫ	м	Добавлять или уменьшать за каждый 1 м высоты шахты, более или менее 22,5 м, грузоподъемность: 2000 кг
03-05-004-13	03-05-004	Лифты грузовые общего назначения со скоростью движения кабины 0,5 м/с	ПАССАЖИРСКИЕ, БОЛЬНИЧНЫЕ И ГРУЗОВЫЕ ЛИФТЫ	м	Добавлять или уменьшать за каждый 1 м высоты шахты, более или менее 22,5 м, грузоподъемность: 3200 кг
03-05-004-14	03-05-004	Лифты грузовые общего назначения со скоростью движения кабины 0,5 м/с	ПАССАЖИРСКИЕ, БОЛЬНИЧНЫЕ И ГРУЗОВЫЕ ЛИФТЫ	м	Добавлять или уменьшать за каждый 1 м высоты шахты, более или менее 22,5 м, грузоподъемность: 5000 кг
03-05-004-15	03-05-004	Лифты грузовые общего назначения со скоростью движения кабины 0,5 м/с	ПАССАЖИРСКИЕ, БОЛЬНИЧНЫЕ И ГРУЗОВЫЕ ЛИФТЫ	шт	За каждую дополнительную шахтную дверь при проходной кабине добавлять для лифтов, грузоподъемность: 500-2000 кг
03-05-004-16	03-05-004	Лифты грузовые общего назначения со скоростью движения кабины 0,5 м/с	ПАССАЖИРСКИЕ, БОЛЬНИЧНЫЕ И ГРУЗОВЫЕ ЛИФТЫ	шт	За каждую дополнительную шахтную дверь при проходной кабине добавлять для лифтов, грузоподъемность: 3200-5000 кг
03-05-005-01	03-05-005	Лифты малогрузовые и грузовые тротуарные со скоростью движения кабины до 0,5 м/с	ПАССАЖИРСКИЕ, БОЛЬНИЧНЫЕ И ГРУЗОВЫЕ ЛИФТЫ	шт	Лифт малогрузовой и грузовой тротуарный со скоростью движения кабины до 0,5 м/с: грузоподъемностью 100 кг на 6 остановок в глухой шахте, высота шахты 21 м
03-05-005-02	03-05-005	Лифты малогрузовые и грузовые тротуарные со скоростью движения кабины до 0,5 м/с	ПАССАЖИРСКИЕ, БОЛЬНИЧНЫЕ И ГРУЗОВЫЕ ЛИФТЫ	шт	Лифт малогрузовой и грузовой тротуарный со скоростью движения кабины до 0,5 м/с: грузоподъемностью 100 кг на 2 остановки в металлокаркасной шахте, высота шахты 7 м
03-05-005-03	03-05-005	Лифты малогрузовые и грузовые тротуарные со скоростью движения кабины до 0,5 м/с	ПАССАЖИРСКИЕ, БОЛЬНИЧНЫЕ И ГРУЗОВЫЕ ЛИФТЫ	шт	Лифт грузовой тротуарный со скоростью движения кабины до 0,5 м/с на 3 остановки грузоподъемностью 500 кг, высота шахты 8,3 м
03-05-005-04	03-05-005	Лифты малогрузовые и грузовые тротуарные со скоростью движения кабины до 0,5 м/с	ПАССАЖИРСКИЕ, БОЛЬНИЧНЫЕ И ГРУЗОВЫЕ ЛИФТЫ	шт	Добавлять или уменьшать за каждую остановку, более или менее 6 остановок, малогрузового лифта грузоподъемностью 100 кг на 6 остановок
03-05-005-05	03-05-005	Лифты малогрузовые и грузовые тротуарные со скоростью движения кабины до 0,5 м/с	ПАССАЖИРСКИЕ, БОЛЬНИЧНЫЕ И ГРУЗОВЫЕ ЛИФТЫ	м	Добавлять или уменьшать за 1 м высоты шахты, более или менее 21 м, малогрузового лифта грузоподъемностью 100 кг на 6 остановок
03-05-005-06	03-05-005	Лифты малогрузовые и грузовые тротуарные со скоростью движения кабины до 0,5 м/с	ПАССАЖИРСКИЕ, БОЛЬНИЧНЫЕ И ГРУЗОВЫЕ ЛИФТЫ	шт	За каждую дополнительную шахтную дверь при проходной кабине для лифтов грузоподъемностью 100 кг: на 6 остановок в глухой шахте
03-05-005-07	03-05-005	Лифты малогрузовые и грузовые тротуарные со скоростью движения кабины до 0,5 м/с	ПАССАЖИРСКИЕ, БОЛЬНИЧНЫЕ И ГРУЗОВЫЕ ЛИФТЫ	шт	За каждую дополнительную шахтную дверь при проходной кабине для лифтов грузоподъемностью 100 кг: в металлокаркасной шахте
03-05-005-08	03-05-005	Лифты малогрузовые и грузовые тротуарные со скоростью движения кабины до 0,5 м/с	ПАССАЖИРСКИЕ, БОЛЬНИЧНЫЕ И ГРУЗОВЫЕ ЛИФТЫ	шт	Установка дополнительной шахтной двери при проходной кабине (платформе) тротуарного лифта
07-01-001-01	07-01-001	Установки компрессорные вертикальные, угловые и V-образные	КОМПРЕССОРНЫЕ УСТАНОВКИ ВЕРТИКАЛЬНЫЕ, УГЛОВЫЕ И V-ОБРАЗНЫЕ В	шт	Установка компрессорная вертикальная, угловая и V-образная, масса: 0,22 т
07-01-001-02	07-01-001	Установки компрессорные вертикальные, угловые и V-образные	КОМПРЕССОРНЫЕ УСТАНОВКИ ВЕРТИКАЛЬНЫЕ, УГЛОВЫЕ И V-ОБРАЗНЫЕ В	шт	Установка компрессорная вертикальная, угловая и V-образная, масса: 1,2 т
07-01-001-03	07-01-001	Установки компрессорные вертикальные, угловые и V-образные	КОМПРЕССОРНЫЕ УСТАНОВКИ ВЕРТИКАЛЬНЫЕ, УГЛОВЫЕ И V-ОБРАЗНЫЕ В	шт	Установка компрессорная вертикальная, угловая и V-образная, масса: 4,1 т
07-01-001-04	07-01-001	Установки компрессорные вертикальные, угловые и V-образные	КОМПРЕССОРНЫЕ УСТАНОВКИ ВЕРТИКАЛЬНЫЕ, УГЛОВЫЕ И V-ОБРАЗНЫЕ В	шт	Установка компрессорная вертикальная, угловая и V-образная, масса: 7,8 т
07-01-001-05	07-01-001	Установки компрессорные вертикальные, угловые и V-образные	КОМПРЕССОРНЫЕ УСТАНОВКИ ВЕРТИКАЛЬНЫЕ, УГЛОВЫЕ И V-ОБРАЗНЫЕ В	шт	Установка компрессорная вертикальная, угловая и V-образная, масса: 15,6 т
07-01-012-01	07-01-012	Компрессорные установки оппозитные	КОМПРЕССОРНЫЕ УСТАНОВКИ ОППОЗИТНЫЕ ВОЗДУШНЫЕ И ГАЗОВЫЕ	компл	Компрессорная установка оппозитная, масса: 5 т
07-01-012-02	07-01-012	Компрессорные установки оппозитные	КОМПРЕССОРНЫЕ УСТАНОВКИ ОППОЗИТНЫЕ ВОЗДУШНЫЕ И ГАЗОВЫЕ	компл	Компрессорная установка оппозитная, масса: 12 т
07-01-012-03	07-01-012	Компрессорные установки оппозитные	КОМПРЕССОРНЫЕ УСТАНОВКИ ОППОЗИТНЫЕ ВОЗДУШНЫЕ И ГАЗОВЫЕ	компл	Компрессорная установка оппозитная, масса: 25,6 т
07-01-012-04	07-01-012	Компрессорные установки оппозитные	КОМПРЕССОРНЫЕ УСТАНОВКИ ОППОЗИТНЫЕ ВОЗДУШНЫЕ И ГАЗОВЫЕ	компл	Компрессорная установка оппозитная, масса: 34,7 т
07-01-012-05	07-01-012	Компрессорные установки оппозитные	КОМПРЕССОРНЫЕ УСТАНОВКИ ОППОЗИТНЫЕ ВОЗДУШНЫЕ И ГАЗОВЫЕ	компл	Компрессорная установка оппозитная, масса: 45 т
07-01-012-06	07-01-012	Компрессорные установки оппозитные	КОМПРЕССОРНЫЕ УСТАНОВКИ ОППОЗИТНЫЕ ВОЗДУШНЫЕ И ГАЗОВЫЕ	компл	Компрессорная установка оппозитная, масса: 68 т
07-01-012-07	07-01-012	Компрессорные установки оппозитные	КОМПРЕССОРНЫЕ УСТАНОВКИ ОППОЗИТНЫЕ ВОЗДУШНЫЕ И ГАЗОВЫЕ	компл	Компрессорная установка оппозитная, масса: 103 т
07-01-012-08	07-01-012	Компрессорные установки оппозитные	КОМПРЕССОРНЫЕ УСТАНОВКИ ОППОЗИТНЫЕ ВОЗДУШНЫЕ И ГАЗОВЫЕ	компл	Компрессорная установка оппозитная, масса: 114 т
07-01-012-09	07-01-012	Компрессорные установки оппозитные	КОМПРЕССОРНЫЕ УСТАНОВКИ ОППОЗИТНЫЕ ВОЗДУШНЫЕ И ГАЗОВЫЕ	компл	Компрессорная установка оппозитная, масса: 155 т
07-01-023-01	07-01-023	Компрессоры газомоторные	ГАЗОМОТОРНЫЕ КОМПРЕССОРЫ	компл	Компрессор газомоторный, масса: 70 т
07-01-023-02	07-01-023	Компрессоры газомоторные	ГАЗОМОТОРНЫЕ КОМПРЕССОРЫ	компл	Компрессор газомоторный, масса: 126 т
07-01-023-03	07-01-023	Компрессоры газомоторные	ГАЗОМОТОРНЫЕ КОМПРЕССОРЫ	компл	Компрессор газомоторный, масса: 270 т
07-01-034-01	07-01-034	Компрессоры V- и W-образные	ХОЛОДИЛЬНЫЕ УСТАНОВКИ, АГРЕГАТЫ И МАШИНЫ	шт	Компрессоры V- и W-образные, масса: 0,13 т
07-01-034-02	07-01-034	Компрессоры V- и W-образные	ХОЛОДИЛЬНЫЕ УСТАНОВКИ, АГРЕГАТЫ И МАШИНЫ	шт	Компрессоры V- и W-образные, масса: 0,43 т
07-01-034-03	07-01-034	Компрессоры V- и W-образные	ХОЛОДИЛЬНЫЕ УСТАНОВКИ, АГРЕГАТЫ И МАШИНЫ	шт	Компрессоры V- и W-образные, масса: 0,79 т
07-01-034-04	07-01-034	Компрессоры V- и W-образные	ХОЛОДИЛЬНЫЕ УСТАНОВКИ, АГРЕГАТЫ И МАШИНЫ	шт	Компрессоры V- и W-образные, масса: 1,15 т
07-01-034-05	07-01-034	Компрессоры V- и W-образные	ХОЛОДИЛЬНЫЕ УСТАНОВКИ, АГРЕГАТЫ И МАШИНЫ	шт	Компрессоры V- и W-образные, масса: 2,82 т
07-01-034-06	07-01-034	Компрессоры V- и W-образные	ХОЛОДИЛЬНЫЕ УСТАНОВКИ, АГРЕГАТЫ И МАШИНЫ	шт	Компрессоры V- и W-образные, масса: 5,79 т
07-01-035-01	07-01-035	Агрегаты и машины компрессорно-конденсаторные	ХОЛОДИЛЬНЫЕ УСТАНОВКИ, АГРЕГАТЫ И МАШИНЫ	шт	Агрегат или машина компрессорно-конденсаторная, масса: 0,18 т
07-01-035-02	07-01-035	Агрегаты и машины компрессорно-конденсаторные	ХОЛОДИЛЬНЫЕ УСТАНОВКИ, АГРЕГАТЫ И МАШИНЫ	шт	Агрегат или машина компрессорно-конденсаторная, масса: 0,7 т
07-01-035-03	07-01-035	Агрегаты и машины компрессорно-конденсаторные	ХОЛОДИЛЬНЫЕ УСТАНОВКИ, АГРЕГАТЫ И МАШИНЫ	шт	Агрегат или машина компрессорно-конденсаторная, масса: 1,2 т
07-01-035-04	07-01-035	Агрегаты и машины компрессорно-конденсаторные	ХОЛОДИЛЬНЫЕ УСТАНОВКИ, АГРЕГАТЫ И МАШИНЫ	шт	Агрегат или машина компрессорно-конденсаторная, масса: 2,6 т
07-01-035-05	07-01-035	Агрегаты и машины компрессорно-конденсаторные	ХОЛОДИЛЬНЫЕ УСТАНОВКИ, АГРЕГАТЫ И МАШИНЫ	шт	Агрегат или машина компрессорно-конденсаторная, масса: 4,45 т
07-01-036-01	07-01-036	Компрессорные установки оппозитные с приводом от электродвигателя	ХОЛОДИЛЬНЫЕ УСТАНОВКИ, АГРЕГАТЫ И МАШИНЫ	компл	Установка компрессорная оппозитная с приводом от электродвигателя, масса: 9,3 т
07-01-036-02	07-01-036	Компрессорные установки оппозитные с приводом от электродвигателя	ХОЛОДИЛЬНЫЕ УСТАНОВКИ, АГРЕГАТЫ И МАШИНЫ	компл	Установка компрессорная оппозитная с приводом от электродвигателя, масса: 16,6 т
07-01-036-03	07-01-036	Компрессорные установки оппозитные с приводом от электродвигателя	ХОЛОДИЛЬНЫЕ УСТАНОВКИ, АГРЕГАТЫ И МАШИНЫ	компл	Установка компрессорная оппозитная с приводом от электродвигателя, масса: 19 т
07-01-047-01	07-01-047	Мембранные компрессоры	МЕМБРАННЫЕ КОМПРЕССОРЫ	шт	Компрессор, мембранный масса: 0,76 т
07-01-047-02	07-01-047	Мембранные компрессоры	МЕМБРАННЫЕ КОМПРЕССОРЫ	шт	Компрессор, мембранный масса: 1,27 т
07-01-047-03	07-01-047	Мембранные компрессоры	МЕМБРАННЫЕ КОМПРЕССОРЫ	шт	Компрессор, мембранный масса: 2,6 т
07-02-001-01	07-02-001	Компрессорные и нагнетательные установки однокорпусные с горизонтальным разъемом корпуса	КОМПРЕССОРНЫЕ И НАГНЕТАТЕЛЬНЫЕ УСТАНОВКИ ЦЕНТРОБЕЖНЫЕ	компл	Установка компрессорная и нагнетательная однокорпусная с горизонтальным разъемом корпуса с приводом от: электродвигателя через редуктор, масса 5,8 т
07-02-001-02	07-02-001	Компрессорные и нагнетательные установки однокорпусные с горизонтальным разъемом корпуса	КОМПРЕССОРНЫЕ И НАГНЕТАТЕЛЬНЫЕ УСТАНОВКИ ЦЕНТРОБЕЖНЫЕ	компл	Установка компрессорная и нагнетательная однокорпусная с горизонтальным разъемом корпуса с приводом от: электродвигателя через редуктор, масса 9,2 т
07-02-001-03	07-02-001	Компрессорные и нагнетательные установки однокорпусные с горизонтальным разъемом корпуса	КОМПРЕССОРНЫЕ И НАГНЕТАТЕЛЬНЫЕ УСТАНОВКИ ЦЕНТРОБЕЖНЫЕ	компл	Установка компрессорная и нагнетательная однокорпусная с горизонтальным разъемом корпуса с приводом от: электродвигателя через редуктор, масса 14,5 т
07-02-001-04	07-02-001	Компрессорные и нагнетательные установки однокорпусные с горизонтальным разъемом корпуса	КОМПРЕССОРНЫЕ И НАГНЕТАТЕЛЬНЫЕ УСТАНОВКИ ЦЕНТРОБЕЖНЫЕ	компл	Установка компрессорная и нагнетательная однокорпусная с горизонтальным разъемом корпуса с приводом от: электродвигателя через редуктор, масса 30,7 т
07-02-001-05	07-02-001	Компрессорные и нагнетательные установки однокорпусные с горизонтальным разъемом корпуса	КОМПРЕССОРНЫЕ И НАГНЕТАТЕЛЬНЫЕ УСТАНОВКИ ЦЕНТРОБЕЖНЫЕ	компл	Установка компрессорная и нагнетательная однокорпусная с горизонтальным разъемом корпуса с приводом от: электродвигателя через редуктор, масса 41 т
07-02-001-06	07-02-001	Компрессорные и нагнетательные установки однокорпусные с горизонтальным разъемом корпуса	КОМПРЕССОРНЫЕ И НАГНЕТАТЕЛЬНЫЕ УСТАНОВКИ ЦЕНТРОБЕЖНЫЕ	компл	Установка компрессорная и нагнетательная однокорпусная с горизонтальным разъемом корпуса с приводом от: электродвигателя через редуктор, масса 47,4 т
07-02-001-07	07-02-001	Компрессорные и нагнетательные установки однокорпусные с горизонтальным разъемом корпуса	КОМПРЕССОРНЫЕ И НАГНЕТАТЕЛЬНЫЕ УСТАНОВКИ ЦЕНТРОБЕЖНЫЕ	компл	Установка компрессорная и нагнетательная однокорпусная с горизонтальным разъемом корпуса с приводом от: электродвигателя через редуктор, масса 63,7 т
07-02-001-08	07-02-001	Компрессорные и нагнетательные установки однокорпусные с горизонтальным разъемом корпуса	КОМПРЕССОРНЫЕ И НАГНЕТАТЕЛЬНЫЕ УСТАНОВКИ ЦЕНТРОБЕЖНЫЕ	компл	Установка компрессорная и нагнетательная однокорпусная с горизонтальным разъемом корпуса с приводом от: электродвигателя через редуктор, масса 112 т
07-02-001-09	07-02-001	Компрессорные и нагнетательные установки однокорпусные с горизонтальным разъемом корпуса	КОМПРЕССОРНЫЕ И НАГНЕТАТЕЛЬНЫЕ УСТАНОВКИ ЦЕНТРОБЕЖНЫЕ	компл	Установка компрессорная и нагнетательная однокорпусная с горизонтальным разъемом корпуса с приводом от: электродвигателя через редуктор, масса 123,3 т
07-02-001-10	07-02-001	Компрессорные и нагнетательные установки однокорпусные с горизонтальным разъемом корпуса	КОМПРЕССОРНЫЕ И НАГНЕТАТЕЛЬНЫЕ УСТАНОВКИ ЦЕНТРОБЕЖНЫЕ	компл	Установка компрессорная и нагнетательная однокорпусная с горизонтальным разъемом корпуса с приводом от: электродвигателя, масса 5,9 т
07-02-001-11	07-02-001	Компрессорные и нагнетательные установки однокорпусные с горизонтальным разъемом корпуса	КОМПРЕССОРНЫЕ И НАГНЕТАТЕЛЬНЫЕ УСТАНОВКИ ЦЕНТРОБЕЖНЫЕ	компл	Установка компрессорная и нагнетательная однокорпусная с горизонтальным разъемом корпуса с приводом от: электродвигателя, масса 9,5 т
07-02-001-12	07-02-001	Компрессорные и нагнетательные установки однокорпусные с горизонтальным разъемом корпуса	КОМПРЕССОРНЫЕ И НАГНЕТАТЕЛЬНЫЕ УСТАНОВКИ ЦЕНТРОБЕЖНЫЕ	компл	Установка компрессорная и нагнетательная однокорпусная с горизонтальным разъемом корпуса с приводом от: электродвигателя, масса 14,4 т
07-02-001-13	07-02-001	Компрессорные и нагнетательные установки однокорпусные с горизонтальным разъемом корпуса	КОМПРЕССОРНЫЕ И НАГНЕТАТЕЛЬНЫЕ УСТАНОВКИ ЦЕНТРОБЕЖНЫЕ	компл	Установка компрессорная и нагнетательная однокорпусная с горизонтальным разъемом корпуса с приводом от: электродвигателя, масса 26,1 т
07-02-001-14	07-02-001	Компрессорные и нагнетательные установки однокорпусные с горизонтальным разъемом корпуса	КОМПРЕССОРНЫЕ И НАГНЕТАТЕЛЬНЫЕ УСТАНОВКИ ЦЕНТРОБЕЖНЫЕ	компл	Установка компрессорная и нагнетательная однокорпусная с горизонтальным разъемом корпуса с приводом от: электродвигателя, масса 37,8 т
07-02-001-15	07-02-001	Компрессорные и нагнетательные установки однокорпусные с горизонтальным разъемом корпуса	КОМПРЕССОРНЫЕ И НАГНЕТАТЕЛЬНЫЕ УСТАНОВКИ ЦЕНТРОБЕЖНЫЕ	компл	Установка компрессорная и нагнетательная однокорпусная с горизонтальным разъемом корпуса с приводом от: паровой турбины, масса 9,3 т
07-02-001-16	07-02-001	Компрессорные и нагнетательные установки однокорпусные с горизонтальным разъемом корпуса	КОМПРЕССОРНЫЕ И НАГНЕТАТЕЛЬНЫЕ УСТАНОВКИ ЦЕНТРОБЕЖНЫЕ	компл	Установка компрессорная и нагнетательная однокорпусная с горизонтальным разъемом корпуса с приводом от: паровой турбины, масса 13 т
07-02-001-17	07-02-001	Компрессорные и нагнетательные установки однокорпусные с горизонтальным разъемом корпуса	КОМПРЕССОРНЫЕ И НАГНЕТАТЕЛЬНЫЕ УСТАНОВКИ ЦЕНТРОБЕЖНЫЕ	компл	Установка компрессорная и нагнетательная однокорпусная с горизонтальным разъемом корпуса с приводом от: паровой турбины, масса 18,6 т
07-02-001-18	07-02-001	Компрессорные и нагнетательные установки однокорпусные с горизонтальным разъемом корпуса	КОМПРЕССОРНЫЕ И НАГНЕТАТЕЛЬНЫЕ УСТАНОВКИ ЦЕНТРОБЕЖНЫЕ	компл	Установка компрессорная и нагнетательная однокорпусная с горизонтальным разъемом корпуса с приводом от: паровой турбины, масса 83,6 т
07-02-001-19	07-02-001	Компрессорные и нагнетательные установки однокорпусные с горизонтальным разъемом корпуса	КОМПРЕССОРНЫЕ И НАГНЕТАТЕЛЬНЫЕ УСТАНОВКИ ЦЕНТРОБЕЖНЫЕ	компл	Установка компрессорная и нагнетательная однокорпусная с горизонтальным разъемом корпуса с приводом от: паровой турбины, масса 130 т
07-02-002-01	07-02-002	Компрессорные установки двухкорпусные с горизонтальным разъемом корпуса	КОМПРЕССОРНЫЕ И НАГНЕТАТЕЛЬНЫЕ УСТАНОВКИ ЦЕНТРОБЕЖНЫЕ	компл	Установка компрессорная двухкорпусная с горизонтальным разъемом корпуса с приводом от: электродвигателя через редуктор, масса 21,1 т
07-02-002-02	07-02-002	Компрессорные установки двухкорпусные с горизонтальным разъемом корпуса	КОМПРЕССОРНЫЕ И НАГНЕТАТЕЛЬНЫЕ УСТАНОВКИ ЦЕНТРОБЕЖНЫЕ	компл	Установка компрессорная двухкорпусная с горизонтальным разъемом корпуса с приводом от: электродвигателя через редуктор, масса 54,7 т
07-02-002-03	07-02-002	Компрессорные установки двухкорпусные с горизонтальным разъемом корпуса	КОМПРЕССОРНЫЕ И НАГНЕТАТЕЛЬНЫЕ УСТАНОВКИ ЦЕНТРОБЕЖНЫЕ	компл	Установка компрессорная двухкорпусная с горизонтальным разъемом корпуса с приводом от: электродвигателя через редуктор, масса 87,8 т
07-02-002-04	07-02-002	Компрессорные установки двухкорпусные с горизонтальным разъемом корпуса	КОМПРЕССОРНЫЕ И НАГНЕТАТЕЛЬНЫЕ УСТАНОВКИ ЦЕНТРОБЕЖНЫЕ	компл	Установка компрессорная двухкорпусная с горизонтальным разъемом корпуса с приводом от: электродвигателя через редуктор, масса 120,7 т
07-02-002-05	07-02-002	Компрессорные установки двухкорпусные с горизонтальным разъемом корпуса	КОМПРЕССОРНЫЕ И НАГНЕТАТЕЛЬНЫЕ УСТАНОВКИ ЦЕНТРОБЕЖНЫЕ	компл	Установка компрессорная двухкорпусная с горизонтальным разъемом корпуса с приводом от: паровой турбины через редуктор, масса 98,3 т
07-02-002-06	07-02-002	Компрессорные установки двухкорпусные с горизонтальным разъемом корпуса	КОМПРЕССОРНЫЕ И НАГНЕТАТЕЛЬНЫЕ УСТАНОВКИ ЦЕНТРОБЕЖНЫЕ	компл	Установка компрессорная двухкорпусная с горизонтальным разъемом корпуса с приводом от: паровой турбины, масса 154 т
07-02-003-01	07-02-003	Компрессорные установки трехкорпусные с горизонтальным разъемом корпуса	КОМПРЕССОРНЫЕ И НАГНЕТАТЕЛЬНЫЕ УСТАНОВКИ ЦЕНТРОБЕЖНЫЕ	компл	Установка компрессорная трехкорпусная с горизонтальным разъемом корпуса с приводом от электродвигателя через редуктор, масса 55,8 т
07-02-004-01	07-02-004	Компрессорные и нагнетательные установки однокорпусные с вертикальным разъемом корпуса	КОМПРЕССОРНЫЕ И НАГНЕТАТЕЛЬНЫЕ УСТАНОВКИ ЦЕНТРОБЕЖНЫЕ	компл	Установка компрессорная или нагнетательная однокорпусная с вертикальным разъемом корпуса с приводом от электродвигателя, масса: 44,1 т
07-02-004-02	07-02-004	Компрессорные и нагнетательные установки однокорпусные с вертикальным разъемом корпуса	КОМПРЕССОРНЫЕ И НАГНЕТАТЕЛЬНЫЕ УСТАНОВКИ ЦЕНТРОБЕЖНЫЕ	компл	Установка компрессорная или нагнетательная однокорпусная с вертикальным разъемом корпуса с приводом от электродвигателя, масса: 58,6 т
07-02-005-01	07-02-005	Компрессорные и нагнетательные установки двухкорпусные с вертикальным разъемом корпуса	КОМПРЕССОРНЫЕ И НАГНЕТАТЕЛЬНЫЕ УСТАНОВКИ ЦЕНТРОБЕЖНЫЕ	компл	Установка компрессорная или нагнетательная двухкорпусная с вертикальным разъемом корпуса с приводом от электродвигателя, масса 77 т
07-02-006-01	07-02-006	Компрессорные и нагнетательные установки однокорпусные с горизонтальным разъемом корпуса на общей пл	КОМПРЕССОРНЫЕ И НАГНЕТАТЕЛЬНЫЕ УСТАНОВКИ ЦЕНТРОБЕЖНЫЕ	шт	Установка компрессорная или нагнетательная однокорпусная с горизонтальным разъемом корпуса на общей плите с приводом от электродвигателя, масса: 0,5 т
07-02-006-02	07-02-006	Компрессорные и нагнетательные установки однокорпусные с горизонтальным разъемом корпуса на общей пл	КОМПРЕССОРНЫЕ И НАГНЕТАТЕЛЬНЫЕ УСТАНОВКИ ЦЕНТРОБЕЖНЫЕ	шт	Установка компрессорная или нагнетательная однокорпусная с горизонтальным разъемом корпуса на общей плите с приводом от электродвигателя, масса: 1,1 т
07-02-006-03	07-02-006	Компрессорные и нагнетательные установки однокорпусные с горизонтальным разъемом корпуса на общей пл	КОМПРЕССОРНЫЕ И НАГНЕТАТЕЛЬНЫЕ УСТАНОВКИ ЦЕНТРОБЕЖНЫЕ	шт	Установка компрессорная или нагнетательная однокорпусная с горизонтальным разъемом корпуса на общей плите с приводом от электродвигателя через редуктор, масса 12 т
07-02-017-01	07-02-017	Компрессоры винтовые	ВИНТОВЫЕ КОМПРЕССОРЫ	компл	Компрессор винтовой, масса 10,7 т
07-02-028-01	07-02-028	Газовоздуходувки центробежные	ГАЗОВОЗДУХОДУВКИ ЦЕНТРОБЕЖНЫЕ И РОТОРНЫЕ	шт	Газовоздуходувка центробежная, масса: 1,3 т
07-02-028-02	07-02-028	Газовоздуходувки центробежные	ГАЗОВОЗДУХОДУВКИ ЦЕНТРОБЕЖНЫЕ И РОТОРНЫЕ	шт	Газовоздуходувка центробежная, масса: 3,2 т
07-02-028-03	07-02-028	Газовоздуходувки центробежные	ГАЗОВОЗДУХОДУВКИ ЦЕНТРОБЕЖНЫЕ И РОТОРНЫЕ	шт	Газовоздуходувка центробежная, масса: 6,3 т
07-02-029-01	07-02-029	Газовоздуходувки роторные	ГАЗОВОЗДУХОДУВКИ ЦЕНТРОБЕЖНЫЕ И РОТОРНЫЕ	шт	Газовоздуходувка роторная, масса: 0,1 т
07-02-029-02	07-02-029	Газовоздуходувки роторные	ГАЗОВОЗДУХОДУВКИ ЦЕНТРОБЕЖНЫЕ И РОТОРНЫЕ	шт	Газовоздуходувка роторная, масса: 0,37 т
07-02-029-03	07-02-029	Газовоздуходувки роторные	ГАЗОВОЗДУХОДУВКИ ЦЕНТРОБЕЖНЫЕ И РОТОРНЫЕ	шт	Газовоздуходувка роторная, масса: 0,82 т
07-02-029-04	07-02-029	Газовоздуходувки роторные	ГАЗОВОЗДУХОДУВКИ ЦЕНТРОБЕЖНЫЕ И РОТОРНЫЕ	шт	Газовоздуходувка роторная, масса: 1,01 т
07-02-040-01	07-02-040	Газоперекачивающие установки (агрегаты) с газотурбинным приводом, размещенные в зданиях (укрытиях)	ГАЗОПЕРЕКАЧИВАЮЩИЕ УСТАНОВКИ (АГРЕГАТЫ)	компл	Газоперекачивающая установка (агрегат) с газотурбинным приводом, размещенная в здании (укрытии), масса: 87,6 т
07-02-040-02	07-02-040	Газоперекачивающие установки (агрегаты) с газотурбинным приводом, размещенные в зданиях (укрытиях)	ГАЗОПЕРЕКАЧИВАЮЩИЕ УСТАНОВКИ (АГРЕГАТЫ)	компл	Газоперекачивающая установка (агрегат) с газотурбинным приводом, размещенная в здании (укрытии), масса: 120 т
07-02-040-03	07-02-040	Газоперекачивающие установки (агрегаты) с газотурбинным приводом, размещенные в зданиях (укрытиях)	ГАЗОПЕРЕКАЧИВАЮЩИЕ УСТАНОВКИ (АГРЕГАТЫ)	компл	Газоперекачивающая установка (агрегат) с газотурбинным приводом, размещенная в здании (укрытии), масса: 157 т
07-02-040-04	07-02-040	Газоперекачивающие установки (агрегаты) с газотурбинным приводом, размещенные в зданиях (укрытиях)	ГАЗОПЕРЕКАЧИВАЮЩИЕ УСТАНОВКИ (АГРЕГАТЫ)	компл	Газоперекачивающая установка (агрегат) с газотурбинным приводом, размещенная в здании (укрытии), масса: 164 т
07-02-041-01	07-02-041	Газоперекачивающие установки (агрегаты) с газотурбинным приводом в блочно-контейнерном исполнении	ГАЗОПЕРЕКАЧИВАЮЩИЕ УСТАНОВКИ (АГРЕГАТЫ)	компл	Газоперекачивающая установка (агрегат) с газотурбинным приводом в блочно-контейнерном исполнении, масса: 73,6 т
07-02-041-02	07-02-041	Газоперекачивающие установки (агрегаты) с газотурбинным приводом в блочно-контейнерном исполнении	ГАЗОПЕРЕКАЧИВАЮЩИЕ УСТАНОВКИ (АГРЕГАТЫ)	компл	Газоперекачивающая установка (агрегат) с газотурбинным приводом в блочно-контейнерном исполнении, масса: 104 т
07-02-041-03	07-02-041	Газоперекачивающие установки (агрегаты) с газотурбинным приводом в блочно-контейнерном исполнении	ГАЗОПЕРЕКАЧИВАЮЩИЕ УСТАНОВКИ (АГРЕГАТЫ)	компл	Газоперекачивающая установка (агрегат) с газотурбинным приводом в блочно-контейнерном исполнении, масса: 160 т
07-02-042-01	07-02-042	Газоперекачивающие установки (агрегаты) с приводом от электродвигателя через редуктор в блочно-конте	ГАЗОПЕРЕКАЧИВАЮЩИЕ УСТАНОВКИ (АГРЕГАТЫ)	компл	Газоперекачивающая установка (агрегат) с приводом от электродвигателя через редуктор в блочно-контейнерном исполнении, масса: 100 т
07-02-042-02	07-02-042	Газоперекачивающие установки (агрегаты) с приводом от электродвигателя через редуктор в блочно-конте	ГАЗОПЕРЕКАЧИВАЮЩИЕ УСТАНОВКИ (АГРЕГАТЫ)	компл	Газоперекачивающая установка (агрегат) с приводом от электродвигателя через редуктор в блочно-контейнерном исполнении, масса: 117,7 т
07-02-043-01	07-02-043	Газоперекачивающие агрегаты с газотурбинным приводом в блочно-комплектном исполнении	ГАЗОПЕРЕКАЧИВАЮЩИЕ УСТАНОВКИ (АГРЕГАТЫ)	компл	Газоперекачивающий агрегат с газотурбинным приводом в блочно-комплектном исполнении, масса: 184 т
07-02-043-02	07-02-043	Газоперекачивающие агрегаты с газотурбинным приводом в блочно-комплектном исполнении	ГАЗОПЕРЕКАЧИВАЮЩИЕ УСТАНОВКИ (АГРЕГАТЫ)	компл	Газоперекачивающий агрегат с газотурбинным приводом в блочно-комплектном исполнении, масса: 219 т
07-02-053-01	07-02-053	Компрессоры водокольцевые	КОМПРЕССОРЫ ВОДОКОЛЬЦЕВЫЕ	шт	Компрессор водокольцевой, масса: 0,4 т
07-02-053-02	07-02-053	Компрессоры водокольцевые	КОМПРЕССОРЫ ВОДОКОЛЬЦЕВЫЕ	шт	Компрессор водокольцевой, масса: 0,77 т
07-02-053-03	07-02-053	Компрессоры водокольцевые	КОМПРЕССОРЫ ВОДОКОЛЬЦЕВЫЕ	шт	Компрессор водокольцевой, масса: 1,4 т
07-02-064-01	07-02-064	Турбокомпрессорные холодильные агрегаты и машины	ТУРБОКОМПРЕССОРНЫЕ ХОЛОДИЛЬНЫЕ АГРЕГАТЫ И МАШИНЫ	компл	Турбокомпрессорный холодильный агрегат, машина, масса: 26,3 т
07-02-064-02	07-02-064	Турбокомпрессорные холодильные агрегаты и машины	ТУРБОКОМПРЕССОРНЫЕ ХОЛОДИЛЬНЫЕ АГРЕГАТЫ И МАШИНЫ	компл	Турбокомпрессорный холодильный агрегат, машина, масса: 47,1 т
07-02-064-03	07-02-064	Турбокомпрессорные холодильные агрегаты и машины	ТУРБОКОМПРЕССОРНЫЕ ХОЛОДИЛЬНЫЕ АГРЕГАТЫ И МАШИНЫ	компл	Турбокомпрессорный холодильный агрегат, машина, масса: 57 т
07-03-001-01	07-03-001	Вентиляторы радиальные общего назначения	ВЕНТИЛЯТОРЫ	шт	Вентилятор радиальный с электродвигателем на: одной оси, масса до 0,05 т
07-03-001-02	07-03-001	Вентиляторы радиальные общего назначения	ВЕНТИЛЯТОРЫ	шт	Вентилятор радиальный с электродвигателем на: одной оси, масса до 0,1 т
07-03-001-03	07-03-001	Вентиляторы радиальные общего назначения	ВЕНТИЛЯТОРЫ	шт	Вентилятор радиальный с электродвигателем на: одной оси, масса до 0,35 т
07-03-001-04	07-03-001	Вентиляторы радиальные общего назначения	ВЕНТИЛЯТОРЫ	шт	Вентилятор радиальный с электродвигателем на: одной оси, масса до 0,5 т
07-03-001-05	07-03-001	Вентиляторы радиальные общего назначения	ВЕНТИЛЯТОРЫ	шт	Вентилятор радиальный с электродвигателем на: клиноременной передаче, масса до 0,7 т
07-03-001-06	07-03-001	Вентиляторы радиальные общего назначения	ВЕНТИЛЯТОРЫ	шт	Вентилятор радиальный с электродвигателем на: клиноременной передаче, масса до 1,3 т
07-03-001-07	07-03-001	Вентиляторы радиальные общего назначения	ВЕНТИЛЯТОРЫ	шт	Вентилятор радиальный с электродвигателем на: клиноременной передаче, масса до 2,5 т
07-03-001-08	07-03-001	Вентиляторы радиальные общего назначения	ВЕНТИЛЯТОРЫ	шт	Вентилятор радиальный с электродвигателем на: клиноременной передаче, масса до 2,9 т
07-03-002-01	07-03-002	Вентиляторы осевые	ВЕНТИЛЯТОРЫ	шт	Вентилятор осевой, масса: до 0,05 т
07-03-002-02	07-03-002	Вентиляторы осевые	ВЕНТИЛЯТОРЫ	шт	Вентилятор осевой, масса: до 0,1 т
07-03-002-03	07-03-002	Вентиляторы осевые	ВЕНТИЛЯТОРЫ	шт	Вентилятор осевой, масса: до 0,2 т
07-03-002-04	07-03-002	Вентиляторы осевые	ВЕНТИЛЯТОРЫ	шт	Вентилятор осевой, масса: до 0,3 т
07-03-003-01	07-03-003	Вентиляторы дутьевые центробежные одностороннего и двустороннего всасывания и осевые двухступенчатые	ВЕНТИЛЯТОРЫ	шт	Вентилятор дутьевой центробежный: одностороннего всасывания, масса 0,15 т
07-03-003-02	07-03-003	Вентиляторы дутьевые центробежные одностороннего и двустороннего всасывания и осевые двухступенчатые	ВЕНТИЛЯТОРЫ	шт	Вентилятор дутьевой центробежный: одностороннего всасывания, масса 0,6 т
07-03-003-03	07-03-003	Вентиляторы дутьевые центробежные одностороннего и двустороннего всасывания и осевые двухступенчатые	ВЕНТИЛЯТОРЫ	шт	Вентилятор дутьевой центробежный: одностороннего всасывания, масса 1,47 т
07-03-003-04	07-03-003	Вентиляторы дутьевые центробежные одностороннего и двустороннего всасывания и осевые двухступенчатые	ВЕНТИЛЯТОРЫ	шт	Вентилятор дутьевой центробежный: одностороннего всасывания, масса 5,55 т
07-03-003-05	07-03-003	Вентиляторы дутьевые центробежные одностороннего и двустороннего всасывания и осевые двухступенчатые	ВЕНТИЛЯТОРЫ	шт	Вентилятор дутьевой центробежный: одностороннего всасывания, масса 8,54 т
07-03-003-06	07-03-003	Вентиляторы дутьевые центробежные одностороннего и двустороннего всасывания и осевые двухступенчатые	ВЕНТИЛЯТОРЫ	шт	Вентилятор дутьевой центробежный: одностороннего всасывания, масса 19 т
07-03-003-07	07-03-003	Вентиляторы дутьевые центробежные одностороннего и двустороннего всасывания и осевые двухступенчатые	ВЕНТИЛЯТОРЫ	шт	Вентилятор дутьевой центробежный: одностороннего всасывания, масса 32 т
07-03-003-08	07-03-003	Вентиляторы дутьевые центробежные одностороннего и двустороннего всасывания и осевые двухступенчатые	ВЕНТИЛЯТОРЫ	шт	Вентилятор дутьевой центробежный: двустороннего всасывания, масса 45,1 т
07-03-003-09	07-03-003	Вентиляторы дутьевые центробежные одностороннего и двустороннего всасывания и осевые двухступенчатые	ВЕНТИЛЯТОРЫ	шт	Вентилятор дутьевой центробежный: двустороннего всасывания, масса 73 т
07-03-003-10	07-03-003	Вентиляторы дутьевые центробежные одностороннего и двустороннего всасывания и осевые двухступенчатые	ВЕНТИЛЯТОРЫ	шт	Вентилятор дутьевой центробежный: осевой двухступенчатый, масса 73,2 т
07-03-003-11	07-03-003	Вентиляторы дутьевые центробежные одностороннего и двустороннего всасывания и осевые двухступенчатые	ВЕНТИЛЯТОРЫ	шт	Вентилятор дутьевой центробежный: осевой двухступенчатый, масса 136 т
07-03-004-01	07-03-004	Вентиляторы горячего дутья	ВЕНТИЛЯТОРЫ	шт	Вентилятор горячего дутья, масса: 4,3 т
07-03-004-02	07-03-004	Вентиляторы горячего дутья	ВЕНТИЛЯТОРЫ	шт	Вентилятор горячего дутья, масса: 7,4 т
07-03-005-01	07-03-005	Вентиляторы мельничные	ВЕНТИЛЯТОРЫ	шт	Вентилятор мельничный, масса: 1,9 т
07-03-005-02	07-03-005	Вентиляторы мельничные	ВЕНТИЛЯТОРЫ	шт	Вентилятор мельничный, масса: 4,42 т
07-03-005-03	07-03-005	Вентиляторы мельничные	ВЕНТИЛЯТОРЫ	шт	Вентилятор мельничный, масса: 7,3 т
07-03-005-04	07-03-005	Вентиляторы мельничные	ВЕНТИЛЯТОРЫ	шт	Вентилятор мельничный, масса: 17,4 т
07-03-006-01	07-03-006	Вентиляторы для градирен	ВЕНТИЛЯТОРЫ	компл	Вентилятор для градирен, масса: 1,03 т
07-03-006-02	07-03-006	Вентиляторы для градирен	ВЕНТИЛЯТОРЫ	компл	Вентилятор для градирен, масса: 4,9 т
07-03-006-03	07-03-006	Вентиляторы для градирен	ВЕНТИЛЯТОРЫ	компл	Вентилятор для градирен, масса: 9,3 т
07-03-007-01	07-03-007	Агрегаты вентиляционные для градирен	ВЕНТИЛЯТОРЫ	шт	Агрегат вентиляционный для градирен, масса: 16,2 т, площадь орошения 400 м2
07-03-007-02	07-03-007	Агрегаты вентиляционные для градирен	ВЕНТИЛЯТОРЫ	шт	Агрегат вентиляционный для градирен, масса: 58,9 т, площадь орошения 1200 м2
07-03-018-01	07-03-018	Дымососы одностороннего всасывания	ДЫМОСОСЫ ОДНОСТОРОННЕГО И ДВУСТОРОННЕГО ВСАСЫВАНИЯ	шт	Дымосос одностороннего всасывания, масса: 0,67 т
07-03-018-02	07-03-018	Дымососы одностороннего всасывания	ДЫМОСОСЫ ОДНОСТОРОННЕГО И ДВУСТОРОННЕГО ВСАСЫВАНИЯ	шт	Дымосос одностороннего всасывания, масса: 1,55 т
07-03-018-03	07-03-018	Дымососы одностороннего всасывания	ДЫМОСОСЫ ОДНОСТОРОННЕГО И ДВУСТОРОННЕГО ВСАСЫВАНИЯ	шт	Дымосос одностороннего всасывания, масса: 2,6 т
07-03-018-04	07-03-018	Дымососы одностороннего всасывания	ДЫМОСОСЫ ОДНОСТОРОННЕГО И ДВУСТОРОННЕГО ВСАСЫВАНИЯ	шт	Дымосос одностороннего всасывания, масса: 4,62 т
07-03-018-05	07-03-018	Дымососы одностороннего всасывания	ДЫМОСОСЫ ОДНОСТОРОННЕГО И ДВУСТОРОННЕГО ВСАСЫВАНИЯ	шт	Дымосос одностороннего всасывания, масса: 5,26 т
07-03-018-06	07-03-018	Дымососы одностороннего всасывания	ДЫМОСОСЫ ОДНОСТОРОННЕГО И ДВУСТОРОННЕГО ВСАСЫВАНИЯ	шт	Дымосос одностороннего всасывания, масса: 12,8 т
07-03-018-07	07-03-018	Дымососы одностороннего всасывания	ДЫМОСОСЫ ОДНОСТОРОННЕГО И ДВУСТОРОННЕГО ВСАСЫВАНИЯ	шт	Дымосос одностороннего всасывания, масса: 18,5-23,6 т
07-03-019-01	07-03-019	Дымососы двустороннего всасывания	ДЫМОСОСЫ ОДНОСТОРОННЕГО И ДВУСТОРОННЕГО ВСАСЫВАНИЯ	шт	Дымосос двустороннего всасывания, масса: 16,2 т
07-03-019-02	07-03-019	Дымососы двустороннего всасывания	ДЫМОСОСЫ ОДНОСТОРОННЕГО И ДВУСТОРОННЕГО ВСАСЫВАНИЯ	шт	Дымосос двустороннего всасывания, масса: 42,6 т
07-03-019-03	07-03-019	Дымососы двустороннего всасывания	ДЫМОСОСЫ ОДНОСТОРОННЕГО И ДВУСТОРОННЕГО ВСАСЫВАНИЯ	шт	Дымосос двустороннего всасывания, масса: 42,9 т
07-03-020-01	07-03-020	Дымососы осевые	ДЫМОСОСЫ ОДНОСТОРОННЕГО И ДВУСТОРОННЕГО ВСАСЫВАНИЯ	шт	Дымосос осевой, масса: 63,8 т
07-03-020-02	07-03-020	Дымососы осевые	ДЫМОСОСЫ ОДНОСТОРОННЕГО И ДВУСТОРОННЕГО ВСАСЫВАНИЯ	шт	Дымосос осевой, масса: 71,2 т
07-03-020-03	07-03-020	Дымососы осевые	ДЫМОСОСЫ ОДНОСТОРОННЕГО И ДВУСТОРОННЕГО ВСАСЫВАНИЯ	шт	Дымосос осевой, масса: 130-142 т
07-04-001-01	07-04-001	Насосные агрегаты лопастные центробежные одноступенчатые, многоступенчатые объемные, вихревые, поршн	НАСОСНЫЕ АГРЕГАТЫ ОБЩЕГО НАЗНАЧЕНИЯ И СПЕЦИАЛЬНЫЕ (КРОМЕ ПИТ	шт	Агрегат насосный лопастный центробежный одноступенчатый, многоступенчатый объемный, вихревой, поршневой, приводной, роторный на общей фундаментной плите или моноблочный, масса: 0,0
07-04-001-02	07-04-001	Насосные агрегаты лопастные центробежные одноступенчатые, многоступенчатые объемные, вихревые, поршн	НАСОСНЫЕ АГРЕГАТЫ ОБЩЕГО НАЗНАЧЕНИЯ И СПЕЦИАЛЬНЫЕ (КРОМЕ ПИТ	шт	Агрегат насосный лопастный центробежный одноступенчатый, многоступенчатый объемный, вихревой, поршневой, приводной, роторный на общей фундаментной плите или моноблочный, масса: 0,1
07-04-001-03	07-04-001	Насосные агрегаты лопастные центробежные одноступенчатые, многоступенчатые объемные, вихревые, поршн	НАСОСНЫЕ АГРЕГАТЫ ОБЩЕГО НАЗНАЧЕНИЯ И СПЕЦИАЛЬНЫЕ (КРОМЕ ПИТ	шт	Агрегат насосный лопастный центробежный одноступенчатый, многоступенчатый объемный, вихревой, поршневой, приводной, роторный на общей фундаментной плите или моноблочный, масса: 0,4
07-04-001-04	07-04-001	Насосные агрегаты лопастные центробежные одноступенчатые, многоступенчатые объемные, вихревые, поршн	НАСОСНЫЕ АГРЕГАТЫ ОБЩЕГО НАЗНАЧЕНИЯ И СПЕЦИАЛЬНЫЕ (КРОМЕ ПИТ	шт	Агрегат насосный лопастный центробежный одноступенчатый, многоступенчатый объемный, вихревой, поршневой, приводной, роторный на общей фундаментной плите или моноблочный, масса: 0,6
07-04-001-05	07-04-001	Насосные агрегаты лопастные центробежные одноступенчатые, многоступенчатые объемные, вихревые, поршн	НАСОСНЫЕ АГРЕГАТЫ ОБЩЕГО НАЗНАЧЕНИЯ И СПЕЦИАЛЬНЫЕ (КРОМЕ ПИТ	шт	Агрегат насосный лопастный центробежный одноступенчатый, многоступенчатый объемный, вихревой, поршневой, приводной, роторный на общей фундаментной плите или моноблочный, масса: 0,9
07-04-001-06	07-04-001	Насосные агрегаты лопастные центробежные одноступенчатые, многоступенчатые объемные, вихревые, поршн	НАСОСНЫЕ АГРЕГАТЫ ОБЩЕГО НАЗНАЧЕНИЯ И СПЕЦИАЛЬНЫЕ (КРОМЕ ПИТ	шт	Агрегат насосный лопастный центробежный одноступенчатый, многоступенчатый объемный, вихревой, поршневой, приводной, роторный на общей фундаментной плите или моноблочный, масса: 1,1
07-04-001-07	07-04-001	Насосные агрегаты лопастные центробежные одноступенчатые, многоступенчатые объемные, вихревые, поршн	НАСОСНЫЕ АГРЕГАТЫ ОБЩЕГО НАЗНАЧЕНИЯ И СПЕЦИАЛЬНЫЕ (КРОМЕ ПИТ	шт	Агрегат насосный лопастный центробежный одноступенчатый, многоступенчатый объемный, вихревой, поршневой, приводной, роторный на общей фундаментной плите или моноблочный, масса: 2 т
07-04-001-08	07-04-001	Насосные агрегаты лопастные центробежные одноступенчатые, многоступенчатые объемные, вихревые, поршн	НАСОСНЫЕ АГРЕГАТЫ ОБЩЕГО НАЗНАЧЕНИЯ И СПЕЦИАЛЬНЫЕ (КРОМЕ ПИТ	шт	Агрегат насосный лопастный центробежный одноступенчатый, многоступенчатый объемный, вихревой, поршневой, приводной, роторный на общей фундаментной плите или моноблочный, масса: 2,9
07-04-001-09	07-04-001	Насосные агрегаты лопастные центробежные одноступенчатые, многоступенчатые объемные, вихревые, поршн	НАСОСНЫЕ АГРЕГАТЫ ОБЩЕГО НАЗНАЧЕНИЯ И СПЕЦИАЛЬНЫЕ (КРОМЕ ПИТ	шт	Агрегат насосный лопастный центробежный одноступенчатый, многоступенчатый объемный, вихревой, поршневой, приводной, роторный на общей фундаментной плите или моноблочный, масса: 3,4
07-04-001-10	07-04-001	Насосные агрегаты лопастные центробежные одноступенчатые, многоступенчатые объемные, вихревые, поршн	НАСОСНЫЕ АГРЕГАТЫ ОБЩЕГО НАЗНАЧЕНИЯ И СПЕЦИАЛЬНЫЕ (КРОМЕ ПИТ	шт	Агрегат насосный лопастный центробежный одноступенчатый, многоступенчатый объемный, вихревой, поршневой, приводной, роторный на общей фундаментной плите или моноблочный, масса: 5 т
07-04-001-11	07-04-001	Насосные агрегаты лопастные центробежные одноступенчатые, многоступенчатые объемные, вихревые, поршн	НАСОСНЫЕ АГРЕГАТЫ ОБЩЕГО НАЗНАЧЕНИЯ И СПЕЦИАЛЬНЫЕ (КРОМЕ ПИТ	шт	Агрегат насосный лопастный центробежный одноступенчатый, многоступенчатый объемный, вихревой, поршневой, приводной, роторный на общей фундаментной плите или моноблочный, масса: 9,4
07-04-001-12	07-04-001	Насосные агрегаты лопастные центробежные одноступенчатые, многоступенчатые объемные, вихревые, поршн	НАСОСНЫЕ АГРЕГАТЫ ОБЩЕГО НАЗНАЧЕНИЯ И СПЕЦИАЛЬНЫЕ (КРОМЕ ПИТ	шт	Агрегат насосный лопастный центробежный одноступенчатый, многоступенчатый объемный, вихревой, поршневой, приводной, роторный на общей фундаментной плите или моноблочный, масса: 12,
07-04-001-13	07-04-001	Насосные агрегаты лопастные центробежные одноступенчатые, многоступенчатые объемные, вихревые, поршн	НАСОСНЫЕ АГРЕГАТЫ ОБЩЕГО НАЗНАЧЕНИЯ И СПЕЦИАЛЬНЫЕ (КРОМЕ ПИТ	шт	Агрегат насосный лопастный центробежный одноступенчатый, многоступенчатый объемный, вихревой, поршневой, приводной, роторный на общей фундаментной плите или моноблочный, масса: 16,
07-04-002-01	07-04-002	Насосы поршневые паровые горизонтальные или вертикальные	НАСОСНЫЕ АГРЕГАТЫ ОБЩЕГО НАЗНАЧЕНИЯ И СПЕЦИАЛЬНЫЕ (КРОМЕ ПИТ	шт	Насос поршневой паровой горизонтальный или вертикальный, масса: 0,35 т
07-04-002-02	07-04-002	Насосы поршневые паровые горизонтальные или вертикальные	НАСОСНЫЕ АГРЕГАТЫ ОБЩЕГО НАЗНАЧЕНИЯ И СПЕЦИАЛЬНЫЕ (КРОМЕ ПИТ	шт	Насос поршневой паровой горизонтальный или вертикальный, масса: 1,25 т
07-04-002-03	07-04-002	Насосы поршневые паровые горизонтальные или вертикальные	НАСОСНЫЕ АГРЕГАТЫ ОБЩЕГО НАЗНАЧЕНИЯ И СПЕЦИАЛЬНЫЕ (КРОМЕ ПИТ	шт	Насос поршневой паровой горизонтальный или вертикальный, масса: 1,7 т
07-04-002-04	07-04-002	Насосы поршневые паровые горизонтальные или вертикальные	НАСОСНЫЕ АГРЕГАТЫ ОБЩЕГО НАЗНАЧЕНИЯ И СПЕЦИАЛЬНЫЕ (КРОМЕ ПИТ	шт	Насос поршневой паровой горизонтальный или вертикальный, масса: 4,5 т
07-04-003-01	07-04-003	Насосные агрегаты лопастные центробежные одноступенчатые и многоступенчатые, объемные, поршневые, пр	НАСОСНЫЕ АГРЕГАТЫ ОБЩЕГО НАЗНАЧЕНИЯ И СПЕЦИАЛЬНЫЕ (КРОМЕ ПИТ	компл	Агрегат насосный лопастной центробежный одноступенчатый и многоступенчатый, объемный, поршневой, приводной на отдельных фундаментных плитах, масса: 0,9 т
07-04-003-02	07-04-003	Насосные агрегаты лопастные центробежные одноступенчатые и многоступенчатые, объемные, поршневые, пр	НАСОСНЫЕ АГРЕГАТЫ ОБЩЕГО НАЗНАЧЕНИЯ И СПЕЦИАЛЬНЫЕ (КРОМЕ ПИТ	компл	Агрегат насосный лопастной центробежный одноступенчатый и многоступенчатый, объемный, поршневой, приводной на отдельных фундаментных плитах, масса: 1,8 т
07-04-003-03	07-04-003	Насосные агрегаты лопастные центробежные одноступенчатые и многоступенчатые, объемные, поршневые, пр	НАСОСНЫЕ АГРЕГАТЫ ОБЩЕГО НАЗНАЧЕНИЯ И СПЕЦИАЛЬНЫЕ (КРОМЕ ПИТ	компл	Агрегат насосный лопастной центробежный одноступенчатый и многоступенчатый, объемный, поршневой, приводной на отдельных фундаментных плитах, масса: 2,3 т
07-04-003-04	07-04-003	Насосные агрегаты лопастные центробежные одноступенчатые и многоступенчатые, объемные, поршневые, пр	НАСОСНЫЕ АГРЕГАТЫ ОБЩЕГО НАЗНАЧЕНИЯ И СПЕЦИАЛЬНЫЕ (КРОМЕ ПИТ	компл	Агрегат насосный лопастной центробежный одноступенчатый и многоступенчатый, объемный, поршневой, приводной на отдельных фундаментных плитах, масса: 4,6 т
07-04-003-05	07-04-003	Насосные агрегаты лопастные центробежные одноступенчатые и многоступенчатые, объемные, поршневые, пр	НАСОСНЫЕ АГРЕГАТЫ ОБЩЕГО НАЗНАЧЕНИЯ И СПЕЦИАЛЬНЫЕ (КРОМЕ ПИТ	компл	Агрегат насосный лопастной центробежный одноступенчатый и многоступенчатый, объемный, поршневой, приводной на отдельных фундаментных плитах, масса: 6,2 т
07-04-003-06	07-04-003	Насосные агрегаты лопастные центробежные одноступенчатые и многоступенчатые, объемные, поршневые, пр	НАСОСНЫЕ АГРЕГАТЫ ОБЩЕГО НАЗНАЧЕНИЯ И СПЕЦИАЛЬНЫЕ (КРОМЕ ПИТ	компл	Агрегат насосный лопастной центробежный одноступенчатый и многоступенчатый, объемный, поршневой, приводной на отдельных фундаментных плитах, масса: 18,2 т
07-04-003-07	07-04-003	Насосные агрегаты лопастные центробежные одноступенчатые и многоступенчатые, объемные, поршневые, пр	НАСОСНЫЕ АГРЕГАТЫ ОБЩЕГО НАЗНАЧЕНИЯ И СПЕЦИАЛЬНЫЕ (КРОМЕ ПИТ	компл	Агрегат насосный лопастной центробежный одноступенчатый и многоступенчатый, объемный, поршневой, приводной на отдельных фундаментных плитах, масса: 31,3 т
07-04-004-01	07-04-004	Насосные агрегаты центробежные с вертикальным валом	НАСОСНЫЕ АГРЕГАТЫ ОБЩЕГО НАЗНАЧЕНИЯ И СПЕЦИАЛЬНЫЕ (КРОМЕ ПИТ	компл	Агрегат насосный центробежный с вертикальным валом: масляный, масса 1,48-1,73 т
07-04-004-02	07-04-004	Насосные агрегаты центробежные с вертикальным валом	НАСОСНЫЕ АГРЕГАТЫ ОБЩЕГО НАЗНАЧЕНИЯ И СПЕЦИАЛЬНЫЕ (КРОМЕ ПИТ	компл	Агрегат насосный центробежный с вертикальным валом: конденсатный, масса 1,06 т
07-04-004-03	07-04-004	Насосные агрегаты центробежные с вертикальным валом	НАСОСНЫЕ АГРЕГАТЫ ОБЩЕГО НАЗНАЧЕНИЯ И СПЕЦИАЛЬНЫЕ (КРОМЕ ПИТ	компл	Агрегат насосный центробежный с вертикальным валом: конденсатный, масса 4,61 т
07-04-004-04	07-04-004	Насосные агрегаты центробежные с вертикальным валом	НАСОСНЫЕ АГРЕГАТЫ ОБЩЕГО НАЗНАЧЕНИЯ И СПЕЦИАЛЬНЫЕ (КРОМЕ ПИТ	компл	Агрегат насосный центробежный с вертикальным валом: конденсатный, масса 7,38 т
07-04-004-05	07-04-004	Насосные агрегаты центробежные с вертикальным валом	НАСОСНЫЕ АГРЕГАТЫ ОБЩЕГО НАЗНАЧЕНИЯ И СПЕЦИАЛЬНЫЕ (КРОМЕ ПИТ	компл	Агрегат насосный центробежный с вертикальным валом: конденсатный, масса 12,86 т
07-04-004-06	07-04-004	Насосные агрегаты центробежные с вертикальным валом	НАСОСНЫЕ АГРЕГАТЫ ОБЩЕГО НАЗНАЧЕНИЯ И СПЕЦИАЛЬНЫЕ (КРОМЕ ПИТ	компл	Агрегат насосный центробежный с вертикальным валом: осевой, масса 5,55-14,01 т
07-04-004-07	07-04-004	Насосные агрегаты центробежные с вертикальным валом	НАСОСНЫЕ АГРЕГАТЫ ОБЩЕГО НАЗНАЧЕНИЯ И СПЕЦИАЛЬНЫЕ (КРОМЕ ПИТ	компл	Агрегат насосный центробежный с вертикальным валом: осевой, масса 36,5 т
07-04-004-08	07-04-004	Насосные агрегаты центробежные с вертикальным валом	НАСОСНЫЕ АГРЕГАТЫ ОБЩЕГО НАЗНАЧЕНИЯ И СПЕЦИАЛЬНЫЕ (КРОМЕ ПИТ	компл	Агрегат насосный центробежный с вертикальным валом: осевой, масса 83,05 т
07-04-004-09	07-04-004	Насосные агрегаты центробежные с вертикальным валом	НАСОСНЫЕ АГРЕГАТЫ ОБЩЕГО НАЗНАЧЕНИЯ И СПЕЦИАЛЬНЫЕ (КРОМЕ ПИТ	компл	Агрегат насосный центробежный с вертикальным валом: осевой, масса 216,8 т
07-04-004-10	07-04-004	Насосные агрегаты центробежные с вертикальным валом	НАСОСНЫЕ АГРЕГАТЫ ОБЩЕГО НАЗНАЧЕНИЯ И СПЕЦИАЛЬНЫЕ (КРОМЕ ПИТ	компл	Агрегат насосный центробежный с вертикальным валом: масса 22,41 т
07-04-004-11	07-04-004	Насосные агрегаты центробежные с вертикальным валом	НАСОСНЫЕ АГРЕГАТЫ ОБЩЕГО НАЗНАЧЕНИЯ И СПЕЦИАЛЬНЫЕ (КРОМЕ ПИТ	компл	Агрегат насосный центробежный с вертикальным валом: масса 40,2 т
07-04-004-12	07-04-004	Насосные агрегаты центробежные с вертикальным валом	НАСОСНЫЕ АГРЕГАТЫ ОБЩЕГО НАЗНАЧЕНИЯ И СПЕЦИАЛЬНЫЕ (КРОМЕ ПИТ	компл	Агрегат насосный центробежный с вертикальным валом: масса 81,67 т
07-04-004-13	07-04-004	Насосные агрегаты центробежные с вертикальным валом	НАСОСНЫЕ АГРЕГАТЫ ОБЩЕГО НАЗНАЧЕНИЯ И СПЕЦИАЛЬНЫЕ (КРОМЕ ПИТ	компл	Агрегат насосный центробежный с вертикальным валом: масса 223 т
07-04-015-01	07-04-015	Насосные агрегаты с приводом от электродвигателя	НАСОСНЫЕ АГРЕГАТЫ ПИТАТЕЛЬНЫЕ С ПРИВОДОМ ОТ ЭЛЕКТРОДВИГАТЕЛЯ	шт	Агрегат насосный с приводом от электродвигателя, масса: 2,79-5,02 т
07-04-015-02	07-04-015	Насосные агрегаты с приводом от электродвигателя	НАСОСНЫЕ АГРЕГАТЫ ПИТАТЕЛЬНЫЕ С ПРИВОДОМ ОТ ЭЛЕКТРОДВИГАТЕЛЯ	шт	Агрегат насосный с приводом от электродвигателя, масса: 8,92 т
07-04-015-03	07-04-015	Насосные агрегаты с приводом от электродвигателя	НАСОСНЫЕ АГРЕГАТЫ ПИТАТЕЛЬНЫЕ С ПРИВОДОМ ОТ ЭЛЕКТРОДВИГАТЕЛЯ	шт	Агрегат насосный с приводом от электродвигателя, масса: 21,5 т
07-04-015-04	07-04-015	Насосные агрегаты с приводом от электродвигателя	НАСОСНЫЕ АГРЕГАТЫ ПИТАТЕЛЬНЫЕ С ПРИВОДОМ ОТ ЭЛЕКТРОДВИГАТЕЛЯ	шт	Агрегат насосный с приводом от электродвигателя, масса: 35,21 т
07-04-016-01	07-04-016	Паротурбонасосы питательные	НАСОСНЫЕ АГРЕГАТЫ ПИТАТЕЛЬНЫЕ С ПРИВОДОМ ОТ ЭЛЕКТРОДВИГАТЕЛЯ	шт	Паротурбонасос питательный, масса 16,6-19 т
07-04-027-01	07-04-027	Вакуум-насосные агрегаты поршневые ротационные водокольцевые	НАСОСЫ ВАКУУМНЫЕ, ШАХТНЫЕ И АРТЕЗИАНСКИЕ	шт	Агрегат вакуум-насосный поршневой ротационный водокольцевой, масса: 0,3 т
07-04-027-02	07-04-027	Вакуум-насосные агрегаты поршневые ротационные водокольцевые	НАСОСЫ ВАКУУМНЫЕ, ШАХТНЫЕ И АРТЕЗИАНСКИЕ	шт	Агрегат вакуум-насосный поршневой ротационный водокольцевой, масса: 0,8 т
07-04-027-03	07-04-027	Вакуум-насосные агрегаты поршневые ротационные водокольцевые	НАСОСЫ ВАКУУМНЫЕ, ШАХТНЫЕ И АРТЕЗИАНСКИЕ	шт	Агрегат вакуум-насосный поршневой ротационный водокольцевой, масса: 1,1 т
07-04-027-04	07-04-027	Вакуум-насосные агрегаты поршневые ротационные водокольцевые	НАСОСЫ ВАКУУМНЫЕ, ШАХТНЫЕ И АРТЕЗИАНСКИЕ	шт	Агрегат вакуум-насосный поршневой ротационный водокольцевой, масса: 2,4 т
07-04-027-05	07-04-027	Вакуум-насосные агрегаты поршневые ротационные водокольцевые	НАСОСЫ ВАКУУМНЫЕ, ШАХТНЫЕ И АРТЕЗИАНСКИЕ	шт	Агрегат вакуум-насосный поршневой ротационный водокольцевой, масса: 3,5 т
07-04-027-06	07-04-027	Вакуум-насосные агрегаты поршневые ротационные водокольцевые	НАСОСЫ ВАКУУМНЫЕ, ШАХТНЫЕ И АРТЕЗИАНСКИЕ	шт	Агрегат вакуум-насосный поршневой ротационный водокольцевой, масса: 13,7 т
07-04-028-01	07-04-028	Насосные агрегаты шахтные	НАСОСЫ ВАКУУМНЫЕ, ШАХТНЫЕ И АРТЕЗИАНСКИЕ	шт	Агрегат электронасосный, центробежный шахтный: консольный, масса 0,25 т
07-04-028-02	07-04-028	Насосные агрегаты шахтные	НАСОСЫ ВАКУУМНЫЕ, ШАХТНЫЕ И АРТЕЗИАНСКИЕ	шт	Агрегат электронасосный, центробежный шахтный: подвесной, масса 2,6 т
07-04-028-03	07-04-028	Насосные агрегаты шахтные	НАСОСЫ ВАКУУМНЫЕ, ШАХТНЫЕ И АРТЕЗИАНСКИЕ	шт	Турбонасос забойный шахтный, масса 0,03 т
07-04-028-04	07-04-028	Насосные агрегаты шахтные	НАСОСЫ ВАКУУМНЫЕ, ШАХТНЫЕ И АРТЕЗИАНСКИЕ	шт	Насос погружной заливочный, масса 0,11 т
07-04-028-05	07-04-028	Насосные агрегаты шахтные	НАСОСЫ ВАКУУМНЫЕ, ШАХТНЫЕ И АРТЕЗИАНСКИЕ	шт	Агрегат электронасосный, винтовой шахтный, масса: 0,16 т
07-04-028-06	07-04-028	Насосные агрегаты шахтные	НАСОСЫ ВАКУУМНЫЕ, ШАХТНЫЕ И АРТЕЗИАНСКИЕ	шт	Агрегат электронасосный, винтовой шахтный, масса: 0,25 т
07-04-029-01	07-04-029	Насосы артезианские с электродвигателем над скважиной	НАСОСЫ ВАКУУМНЫЕ, ШАХТНЫЕ И АРТЕЗИАНСКИЕ	шт	Насос артезианский с электродвигателем над скважиной, марки: АтН8-1-16
07-04-029-02	07-04-029	Насосы артезианские с электродвигателем над скважиной	НАСОСЫ ВАКУУМНЫЕ, ШАХТНЫЕ И АРТЕЗИАНСКИЕ	шт	Насос артезианский с электродвигателем над скважиной, марки: АтН8-1-22
07-04-030-01	07-04-030	Насосы артезианские с погружным электродвигателем	НАСОСЫ ВАКУУМНЫЕ, ШАХТНЫЕ И АРТЕЗИАНСКИЕ	шт	Насос артезианский с погружным электродвигателем, марки: 1ЭЦВ6-4-130
07-04-030-02	07-04-030	Насосы артезианские с погружным электродвигателем	НАСОСЫ ВАКУУМНЫЕ, ШАХТНЫЕ И АРТЕЗИАНСКИЕ	шт	Насос артезианский с погружным электродвигателем, марки: 3ЭЦВ6-6,3-85
07-04-030-03	07-04-030	Насосы артезианские с погружным электродвигателем	НАСОСЫ ВАКУУМНЫЕ, ШАХТНЫЕ И АРТЕЗИАНСКИЕ	шт	Насос артезианский с погружным электродвигателем, марки: 3ЭЦВ6-6,3-125
07-04-030-04	07-04-030	Насосы артезианские с погружным электродвигателем	НАСОСЫ ВАКУУМНЫЕ, ШАХТНЫЕ И АРТЕЗИАНСКИЕ	шт	Насос артезианский с погружным электродвигателем, марки: 1ЭЦВ6-10-50
07-04-030-05	07-04-030	Насосы артезианские с погружным электродвигателем	НАСОСЫ ВАКУУМНЫЕ, ШАХТНЫЕ И АРТЕЗИАНСКИЕ	шт	Насос артезианский с погружным электродвигателем, марки: 1ЭЦВ6-10-110
07-04-030-06	07-04-030	Насосы артезианские с погружным электродвигателем	НАСОСЫ ВАКУУМНЫЕ, ШАХТНЫЕ И АРТЕЗИАНСКИЕ	шт	Насос артезианский с погружным электродвигателем, марки: 1ЭЦВ6-10-185
07-04-030-07	07-04-030	Насосы артезианские с погружным электродвигателем	НАСОСЫ ВАКУУМНЫЕ, ШАХТНЫЕ И АРТЕЗИАНСКИЕ	шт	Насос артезианский с погружным электродвигателем, марки: ЭЦВ6-10-235
07-04-030-08	07-04-030	Насосы артезианские с погружным электродвигателем	НАСОСЫ ВАКУУМНЫЕ, ШАХТНЫЕ И АРТЕЗИАНСКИЕ	шт	Насос артезианский с погружным электродвигателем, марки: 3ЭЦВ6-16-75
07-04-030-09	07-04-030	Насосы артезианские с погружным электродвигателем	НАСОСЫ ВАКУУМНЫЕ, ШАХТНЫЕ И АРТЕЗИАНСКИЕ	шт	Насос артезианский с погружным электродвигателем, марки: 3ЭЦВ8-16-140
07-04-030-10	07-04-030	Насосы артезианские с погружным электродвигателем	НАСОСЫ ВАКУУМНЫЕ, ШАХТНЫЕ И АРТЕЗИАНСКИЕ	шт	Насос артезианский с погружным электродвигателем, марки: 1ЭЦВ8-25-100
07-04-030-11	07-04-030	Насосы артезианские с погружным электродвигателем	НАСОСЫ ВАКУУМНЫЕ, ШАХТНЫЕ И АРТЕЗИАНСКИЕ	шт	Насос артезианский с погружным электродвигателем, марки: 2ЭЦВ8-25-150
07-04-030-12	07-04-030	Насосы артезианские с погружным электродвигателем	НАСОСЫ ВАКУУМНЫЕ, ШАХТНЫЕ И АРТЕЗИАНСКИЕ	шт	Насос артезианский с погружным электродвигателем, марки: ЭЦВ8-25-300
07-04-030-13	07-04-030	Насосы артезианские с погружным электродвигателем	НАСОСЫ ВАКУУМНЫЕ, ШАХТНЫЕ И АРТЕЗИАНСКИЕ	шт	Насос артезианский с погружным электродвигателем, марки: ЭЦВ8-40-60
07-04-030-14	07-04-030	Насосы артезианские с погружным электродвигателем	НАСОСЫ ВАКУУМНЫЕ, ШАХТНЫЕ И АРТЕЗИАНСКИЕ	шт	Насос артезианский с погружным электродвигателем, марки: ЭЦВ8-40-180
07-04-030-15	07-04-030	Насосы артезианские с погружным электродвигателем	НАСОСЫ ВАКУУМНЫЕ, ШАХТНЫЕ И АРТЕЗИАНСКИЕ	шт	Насос артезианский с погружным электродвигателем, марки: 2ЭЦВ-10-63-110
07-04-030-16	07-04-030	Насосы артезианские с погружным электродвигателем	НАСОСЫ ВАКУУМНЫЕ, ШАХТНЫЕ И АРТЕЗИАНСКИЕ	шт	Насос артезианский с погружным электродвигателем, марки: 2ЭЦВ10-63-150
07-04-030-17	07-04-030	Насосы артезианские с погружным электродвигателем	НАСОСЫ ВАКУУМНЫЕ, ШАХТНЫЕ И АРТЕЗИАНСКИЕ	шт	Насос артезианский с погружным электродвигателем, марки: 1ЭЦВ10-63-270
07-04-030-18	07-04-030	Насосы артезианские с погружным электродвигателем	НАСОСЫ ВАКУУМНЫЕ, ШАХТНЫЕ И АРТЕЗИАНСКИЕ	шт	Насос артезианский с погружным электродвигателем, марки: ЭЦВ10-120-60
07-04-030-19	07-04-030	Насосы артезианские с погружным электродвигателем	НАСОСЫ ВАКУУМНЫЕ, ШАХТНЫЕ И АРТЕЗИАНСКИЕ	шт	Насос артезианский с погружным электродвигателем, марки: ЭЦВ10-160-35Г
07-04-030-20	07-04-030	Насосы артезианские с погружным электродвигателем	НАСОСЫ ВАКУУМНЫЕ, ШАХТНЫЕ И АРТЕЗИАНСКИЕ	шт	Насос артезианский с погружным электродвигателем, марки: 1ЭЦВ12-160-65
07-04-030-21	07-04-030	Насосы артезианские с погружным электродвигателем	НАСОСЫ ВАКУУМНЫЕ, ШАХТНЫЕ И АРТЕЗИАНСКИЕ	шт	Насос артезианский с погружным электродвигателем, марки: 1ЭЦВ12-160-100
07-04-030-22	07-04-030	Насосы артезианские с погружным электродвигателем	НАСОСЫ ВАКУУМНЫЕ, ШАХТНЫЕ И АРТЕЗИАНСКИЕ	шт	Насос артезианский с погружным электродвигателем, марки: 1ЭЦВ12-210-25
07-04-030-23	07-04-030	Насосы артезианские с погружным электродвигателем	НАСОСЫ ВАКУУМНЫЕ, ШАХТНЫЕ И АРТЕЗИАНСКИЕ	шт	Насос артезианский с погружным электродвигателем, марки: 2ЭЦВ12-210-55
07-04-030-24	07-04-030	Насосы артезианские с погружным электродвигателем	НАСОСЫ ВАКУУМНЫЕ, ШАХТНЫЕ И АРТЕЗИАНСКИЕ	шт	Насос артезианский с погружным электродвигателем, марки: 1ЭЦВ12-210-145
07-04-030-25	07-04-030	Насосы артезианские с погружным электродвигателем	НАСОСЫ ВАКУУМНЫЕ, ШАХТНЫЕ И АРТЕЗИАНСКИЕ	шт	Насос артезианский с погружным электродвигателем, марки: 2ЭВЦ12-255-30Г
07-04-030-26	07-04-030	Насосы артезианские с погружным электродвигателем	НАСОСЫ ВАКУУМНЫЕ, ШАХТНЫЕ И АРТЕЗИАНСКИЕ	шт	Насос артезианский с погружным электродвигателем, марки: ЭВЦ14-210-300Х
07-04-030-27	07-04-030	Насосы артезианские с погружным электродвигателем	НАСОСЫ ВАКУУМНЫЕ, ШАХТНЫЕ И АРТЕЗИАНСКИЕ	шт	Насос артезианский с погружным электродвигателем, марки: ЭЦ316-375-175Х
40-01-001-01	40-01-001	Горизонтальное перемещение		10 т	Горизонтальное перемещение сверх предусмотренного в ГЭСНм: 100 м, на расстояние до 200 м
40-01-001-02	40-01-001	Горизонтальное перемещение		10 т	Горизонтальное перемещение сверх предусмотренного в ГЭСНм: 100 м, на расстояние до 300 м
40-01-001-03	40-01-001	Горизонтальное перемещение		10 т	Горизонтальное перемещение сверх предусмотренного в ГЭСНм: 100 м, на расстояние до 400 м
40-01-001-04	40-01-001	Горизонтальное перемещение		10 т	Горизонтальное перемещение сверх предусмотренного в ГЭСНм: 150 м, на расстояние до 200 м
40-01-001-05	40-01-001	Горизонтальное перемещение		10 т	Горизонтальное перемещение сверх предусмотренного в ГЭСНм: 150 м, на расстояние до 300 м
40-01-001-06	40-01-001	Горизонтальное перемещение		10 т	Горизонтальное перемещение сверх предусмотренного в ГЭСНм: 150 м, на расстояние до 400 м
40-01-001-07	40-01-001	Горизонтальное перемещение		10 т	Горизонтальное перемещение сверх предусмотренного в ГЭСНм: 200 м, на расстояние до 300 м
40-01-001-08	40-01-001	Горизонтальное перемещение		10 т	Горизонтальное перемещение сверх предусмотренного в ГЭСНм: 200 м, на расстояние до 400 м
40-01-001-09	40-01-001	Горизонтальное перемещение		10 т	Горизонтальное перемещение свыше 400 м, добавлять на каждые следующие 100 м
40-01-002-01	40-01-002	Вертикальное перемещение (подъем)		10 т	Вертикальное перемещение сверх предусмотренного в ГЭСНм: 1 м, на высоту до 5 м
40-01-002-02	40-01-002	Вертикальное перемещение (подъем)		10 т	Вертикальное перемещение сверх предусмотренного в ГЭСНм: 1 м, на высоту до 10 м
40-01-002-03	40-01-002	Вертикальное перемещение (подъем)		10 т	Вертикальное перемещение сверх предусмотренного в ГЭСНм: 1 м, на высоту до 15 м
40-01-002-04	40-01-002	Вертикальное перемещение (подъем)		10 т	Вертикальное перемещение сверх предусмотренного в ГЭСНм: 1 м, на высоту до 20 м
40-01-002-05	40-01-002	Вертикальное перемещение (подъем)		10 т	Вертикальное перемещение сверх предусмотренного в ГЭСНм: 1 м, на высоту до 25 м
40-01-002-06	40-01-002	Вертикальное перемещение (подъем)		10 т	Вертикальное перемещение сверх предусмотренного в ГЭСНм: 2 м, на высоту до 5 м
40-01-002-07	40-01-002	Вертикальное перемещение (подъем)		10 т	Вертикальное перемещение сверх предусмотренного в ГЭСНм: 2 м, на высоту до 10 м
40-01-002-08	40-01-002	Вертикальное перемещение (подъем)		10 т	Вертикальное перемещение сверх предусмотренного в ГЭСНм: 2 м, на высоту до 15 м
40-01-002-09	40-01-002	Вертикальное перемещение (подъем)		10 т	Вертикальное перемещение сверх предусмотренного в ГЭСНм: 2 м, на высоту до 20 м
40-01-002-10	40-01-002	Вертикальное перемещение (подъем)		10 т	Вертикальное перемещение сверх предусмотренного в ГЭСНм: 2 м, на высоту до 25 м
40-01-002-11	40-01-002	Вертикальное перемещение (подъем)		10 т	Вертикальное перемещение сверх предусмотренного в ГЭСНм: 5 м, на высоту до 10 м
40-01-002-12	40-01-002	Вертикальное перемещение (подъем)		10 т	Вертикальное перемещение сверх предусмотренного в ГЭСНм: 5 м, на высоту до 15 м
40-01-002-13	40-01-002	Вертикальное перемещение (подъем)		10 т	Вертикальное перемещение сверх предусмотренного в ГЭСНм: 5 м, на высоту до 20 м
40-01-002-14	40-01-002	Вертикальное перемещение (подъем)		10 т	Вертикальное перемещение сверх предусмотренного в ГЭСНм: 5 м, на высоту до 25 м
40-01-002-15	40-01-002	Вертикальное перемещение (подъем)		10 т	Вертикальное перемещение сверх предусмотренного в ГЭСНм: 8 м, на высоту до 10 м
40-01-002-16	40-01-002	Вертикальное перемещение (подъем)		10 т	Вертикальное перемещение сверх предусмотренного в ГЭСНм: 8 м, на высоту до 15 м
40-01-002-17	40-01-002	Вертикальное перемещение (подъем)		10 т	Вертикальное перемещение сверх предусмотренного в ГЭСНм: 8 м, на высоту до 20 м
40-01-002-18	40-01-002	Вертикальное перемещение (подъем)		10 т	Вертикальное перемещение сверх предусмотренного в ГЭСНм: 8 м, на высоту до 25 м
40-01-002-19	40-01-002	Вертикальное перемещение (подъем)		10 т	Вертикальное перемещение сверх предусмотренного в ГЭСНм: 10 м, на высоту до 15 м
40-01-002-20	40-01-002	Вертикальное перемещение (подъем)		10 т	Вертикальное перемещение сверх предусмотренного в ГЭСНм: 10 м, на высоту до 20 м
40-01-002-21	40-01-002	Вертикальное перемещение (подъем)		10 т	Вертикальное перемещение сверх предусмотренного в ГЭСНм: 10 м, на высоту до 25 м
40-01-002-22	40-01-002	Вертикальное перемещение (подъем)		10 т	Вертикальное перемещение сверх предусмотренного в ГЭСНм: 15 м, на высоту до 20 м
40-01-002-23	40-01-002	Вертикальное перемещение (подъем)		10 т	Вертикальное перемещение сверх предусмотренного в ГЭСНм: 15 м, на высоту до 25 м
40-01-002-24	40-01-002	Вертикальное перемещение (подъем)		10 т	Вертикальное перемещение свыше 25 м, добавлять на каждые следующие 5 м
40-01-003-01	40-01-003	Вертикальное перемещение кранами мостовыми электрическими		10 м	Вертикальное перемещение сверх предусмотренного в ГЭСНм краном мостовым электрическим, грузоподъемность: 125 т
40-01-003-02	40-01-003	Вертикальное перемещение кранами мостовыми электрическими		10 м	Вертикальное перемещение сверх предусмотренного в ГЭСНм краном мостовым электрическим, грузоподъемность: 200 т
40-01-003-03	40-01-003	Вертикальное перемещение кранами мостовыми электрическими		10 м	Вертикальное перемещение сверх предусмотренного в ГЭСНм краном мостовым электрическим, грузоподъемность: 320 т
40-02-001-01	40-02-001	Перемещение в метрополитенах и тоннелях		т	Перемещение оборудования и материальных ресурсов на расстояние 200 м на вагонетках или площадках вручную с погрузкой и выгрузкой, масса: до 2 т, при спуске в клети
40-02-001-02	40-02-001	Перемещение в метрополитенах и тоннелях		т	Перемещение оборудования и материальных ресурсов на расстояние 200 м на вагонетках или площадках вручную с погрузкой и выгрузкой, масса: свыше 2 т, при спуске под клетью на специал
40-02-001-03	40-02-001	Перемещение в метрополитенах и тоннелях		т	Перемещение оборудования и материальных ресурсов на расстояние 200 м на вагонетках или площадках вручную с погрузкой и выгрузкой, масса: свыше 2 т, при спуске на подъемном канате п
40-02-001-04	40-02-001	Перемещение в метрополитенах и тоннелях		т	Добавлять на каждые следующие 50 м перемещения сверх 200 м к нормам 40-02-001-01, -02, -03
40-02-001-05	40-02-001	Перемещение в метрополитенах и тоннелях		т	Перемещение крупногабаритного оборудования на катках и салазках при помощи электролебедок на расстояние 200 м, включая выгрузку
40-02-001-06	40-02-001	Перемещение в метрополитенах и тоннелях		т	Добавлять на каждые следующие 50 м перемещения сверх 200 м к норме 40-02-001-05
40-03-001-01	40-03-001	Перемещение в угольных и сланцевых шахтах		т	Спуск (подъем) оборудования и материальных ресурсов в клети на платформах или в вагонетках с погрузкой и выгрузкой
40-03-001-02	40-03-001	Перемещение в угольных и сланцевых шахтах		т	Спуск (подъем) крупногабаритного оборудования с погрузкой и выгрузкой, включая последующую погрузку на специальную платформу и откатку ее на 50 м: в клети
40-03-001-03	40-03-001	Перемещение в угольных и сланцевых шахтах		т	Спуск (подъем) крупногабаритного оборудования с погрузкой и выгрузкой, включая последующую погрузку на специальную платформу и откатку ее на 50 м: под клетью при отсутствии хвостов
40-03-001-04	40-03-001	Перемещение в угольных и сланцевых шахтах		т	Спуск (подъем) крупногабаритного оборудования с погрузкой и выгрузкой, включая последующую погрузку на специальную платформу и откатку ее на 50 м: на подъемном канате, включая снят
40-03-001-05	40-03-001	Перемещение в угольных и сланцевых шахтах		10 т	Перемещение оборудования и материальных ресурсов в вагонетках или на платформах при помощи электролебедок, включая выгрузку, по горным выработкам с рельсовыми путями и углом наклон
40-03-001-06	40-03-001	Перемещение в угольных и сланцевых шахтах		10 т	Добавлять на каждые следующие 50 м к норме 40-03-001-05
40-03-001-07	40-03-001	Перемещение в угольных и сланцевых шахтах		10 т	Перемещение оборудования и материальных ресурсов в вагонетках или на платформах при помощи электролебедок, включая выгрузку, по горным выработкам с рельсовыми путями и углом наклон
40-03-001-08	40-03-001	Перемещение в угольных и сланцевых шахтах		10 т	Добавлять на каждые следующие 50 м к норме 40-03-001-07
40-03-001-09	40-03-001	Перемещение в угольных и сланцевых шахтах		10 т	Перемещение крупногабаритного оборудования на катках, салазках и листах при помощи электролебедок, включая выгрузку, по горным выработкам без рельсовых путей с углом наклона до 13 
40-03-001-10	40-03-001	Перемещение в угольных и сланцевых шахтах		10 т	Добавлять на каждые следующие 10 м к норме 40-03-001-09
40-03-001-11	40-03-001	Перемещение в угольных и сланцевых шахтах		10 т	Перемещение крупногабаритного оборудования на катках, салазках и листах при помощи электролебедок, включая выгрузку, по горным выработкам без рельсовых путей с углом наклона более 
40-03-001-12	40-03-001	Перемещение в угольных и сланцевых шахтах		10 т	Добавлять на каждые следующие 10 м к норме 40-03-001-11